chickID,index,label,start_time,end_time,duration_s,direction,frequency_range_Hz,frequency_slope_Hz_ms,frequency_slope_change_Hz_ms_ms,number_of_high_energy_frequency_bins_n
348,0,Pleasure,18.65795918,18.74612245,0.08816327,127.6248566,0,0,0,12
348,1,Pleasure,19.54938776,19.65714286,0.1077551,231.9344552,2316,16.38575,0.021845333,18
348,2,Pleasure,46.75918367,46.88653061,0.12734694,292.8282249,79,0.0354,6.40E-05,10
348,3,Pleasure,47.08897959,47.19673469,0.1077551,320.3654114,8,0.002,8.53E-05,13
348,4,Pleasure,48.49632653,48.61387755,0.11755102,324.3268272,2801,12.547,0.016384,10
348,5,Pleasure,49.72081633,49.82857143,0.1077551,353.4036254,0,0,0,15
348,6,Pleasure,50.55673469,50.68734694,0.13061225,277.5699659,7,0.0498,6.40E-05,9
348,7,Pleasure,50.81795918,50.94204082,0.12408164,286.121717,0,0,0,10
348,8,Pleasure,51.19673469,51.32081633,0.12408164,421.4076938,7,0.0498,6.23E-05,4
348,9,Pleasure,51.91510204,52.04244898,0.12734694,336.7076495,7,0.0014,6.40E-05,9
348,10,Pleasure,54.63183674,54.74285714,0.1110204,469.7623043,7,0.06225,8.53E-05,4
348,11,Pleasure,56.66285714,56.78693878,0.12408164,342.1917285,29,0.0454,6.40E-05,12
348,12,Pleasure,57.15918367,57.27020408,0.11102041,364.7306963,7,0.00175,8.53E-05,11
348,13,Pleasure,60.35265306,60.46693878,0.11428572,358.0119717,7,0.06225,8.53E-05,9
348,14,Pleasure,61.1722449,61.28653061,0.11428571,263.6221859,0,0,0,13
348,15,Pleasure,61.44326531,61.57061225,0.12734694,338.3501925,0,0,0,5
348,16,Pleasure,61.86122449,61.99183674,0.13061225,423.6297888,7,0.0498,6.40E-05,8
348,17,Pleasure,70.26285714,70.39673469,0.13387755,201.1193028,7,0.0014,6.40E-05,7
348,18,Pleasure,71.73877551,71.87591837,0.13714286,420.7328271,7,0.0014,6.40E-05,9
348,19,Pleasure,72.04571429,72.17632653,0.13061224,349.8019909,0,0,0,9
348,20,Pleasure,72.99591837,73.14285714,0.14693877,261.5812183,36,0.006,5.70E-05,7
348,21,Pleasure,73.3844898,73.52163265,0.13714285,314.1858771,7,0.0498,6.23E-05,4
348,22,Pleasure,73.68163265,73.80897959,0.12734694,363.3315765,7,0.0498,6.40E-05,9
348,23,Pleasure,74.33142857,74.44571429,0.11428572,361.4253581,43,0.01075,8.53E-05,8
348,24,Pleasure,74.6677551,74.79510204,0.12734694,224.1100012,2681,25.6782,0.01703975,12
348,25,Pleasure,75.60489796,75.71591837,0.11102041,230.7923128,72,0.018,6.13E-05,12
348,26,Pleasure,96.99265306,97.12,0.12734694,312.6376113,43,0.0526,0.00011725,11
348,27,Pleasure,97.28653061,97.40734694,0.12081633,270.3261163,0,0,0,6
348,28,Pleasure,98.74612245,98.87020408,0.12408163,367.7312234,2801,13.1044,0.01568725,9
348,29,Pleasure,99.06612245,99.17714286,0.11102041,276.7177953,2560,32.128,0.021845333,9
348,30,Pleasure,99.4122449,99.54285714,0.13061224,103.7835935,29,0.0058,6.95E-05,6
348,31,Pleasure,101.6261224,101.7371429,0.1110205,288.8052465,50,0.1155,0.000156333,11
348,32,Pleasure,102.9191837,103.0334694,0.1142857,333.8455728,7,0.06225,8.53E-05,10
348,33,Pleasure,103.8138776,103.9281633,0.1142857,420.2727105,0,0,0,10
348,34,Pleasure,104.1763265,104.2938776,0.1175511,253.8565003,0,0,0,7
348,35,Pleasure,105.7828571,105.8971429,0.1142858,261.7184229,0,0,0,8
348,36,Pleasure,106.8604082,106.9746939,0.1142857,276.0552241,7,0.00175,8.53E-05,9
348,37,Pleasure,110.7755102,110.8897959,0.1142857,326.993268,7,0.064,8.77E-05,6
348,38,Pleasure,111.1510204,111.2685714,0.117551,285.254375,0,0,0,8
348,39,Pleasure,111.5591837,111.6636735,0.1044898,174.3505448,7,0.00175,8.53E-05,8
348,40,Pleasure,111.9477551,112.0587755,0.1110204,367.6548894,0,0,0,9
348,41,Pleasure,115.7583673,115.8759184,0.1175511,405.5313663,7,0.0498,6.40E-05,6
348,42,Pleasure,118.0734694,118.1812245,0.1077551,356.3361795,7,0.06225,8.53E-05,7
348,43,Pleasure,119.0857143,119.1967347,0.1110204,405.2226559,22,0.0055,7.80E-05,11
348,44,Pleasure,140.9208163,141.0155102,0.0946939,342.5766791,7,0.06225,8.53E-05,7
348,45,Pleasure,141.9330612,142.0571429,0.1240817,358.6991603,7,0.0498,6.40E-05,8
348,46,Pleasure,145.9853061,146.1061224,0.1208163,279.7714598,3027,12.623,0.0327405,15
348,47,Pleasure,149.1069388,149.2179592,0.1110204,308.1061463,7,0.06225,8.53E-05,6
348,48,Pleasure,149.4008163,149.5118367,0.1110204,358.1661113,0,0,0,10
348,49,Pleasure,150.3444898,150.4685714,0.1240816,291.0732209,7,0.0014,6.40E-05,7
348,50,Pleasure,167.9510204,168.0620408,0.1110204,273.1912892,64,0.016,0.000151667,11
348,51,Pleasure,168.2710204,168.3853061,0.1142857,328.0413869,43,0.01075,7.10E-05,12
348,52,Pleasure,168.6857143,168.8097959,0.1240816,320.2657477,7,0.0498,6.40E-05,10
348,53,Pleasure,201.3746939,201.4922449,0.117551,337.560886,7,0.0498,6.40E-05,5
348,54,Pleasure,202.3542857,202.4620408,0.1077551,333.2913841,15,0.00375,8.77E-05,8
348,55,Pleasure,202.8408163,202.9485714,0.1077551,280.7298774,0,0,0,11
348,56,Pleasure,281.4628571,281.5706122,0.1077551,195.7663127,0,0,0,3
348,57,Pleasure,282.7526531,282.8571429,0.1044898,331.6879933,7,0.06225,8.53E-05,7
348,58,Pleasure,295.435102,295.5526531,0.1175511,290.0927876,72,0.0626,6.78E-05,9
348,59,Contact,376.9346032,377.1022222,0.167619,-327.2700526,3255,28.08685714,0.021845333,9
348,60,Contact,377.2487982,377.4704762,0.221678,-297.0716409,3312,21.839,0.032354,7
348,61,Contact,377.5669841,377.767619,0.2006349,-277.7389219,3601,24.581375,0.027642143,7
348,62,Contact,378.2857143,378.5726984,0.2869841,-145.8428723,3770,21.84591667,0.029789091,6
348,63,Contact,378.6057143,378.928254,0.3225397,-181.969615,3601,15.12369231,0.032768,7
348,64,Contact,379.151746,379.3980952,0.2463492,-290.5389782,3558,26.2144,0.021845333,8
348,65,Contact,385.0234921,385.2419048,0.2184127,-237.8907138,3298,7.281777778,0.024576,10
348,66,Contact,385.3384127,385.5187302,0.1803175,-132.312554,2846,9.363285714,0.021845333,4
348,67,Contact,385.607619,385.8768254,0.2692064,-293.2459049,3255,17.87281818,0.0196608,6
348,68,Contact,385.9403175,386.2069841,0.2666666,-287.1509687,3113,11.91563636,0.0196608,6
348,69,Contact,386.6590476,386.8495238,0.1904762,-214.5530042,4116,32.768875,0.028086857,10
348,70,Contact,392.5191837,392.6367347,0.117551,-294.9727694,3248,38.672,0.015677,6
348,71,Contact,392.8261224,392.9567347,0.1306123,-260.1469897,267,13.1072,0.032768,6
348,72,Contact,393.1265306,393.2669388,0.1404082,-267.1934376,557,21.797,0.026244,6
348,73,Contact,394.4391837,394.5893878,0.1502041,-319.088669,142,10.899,2.84E-05,5
348,74,Contact,394.7559184,394.8963265,0.1404081,-262.6431374,3403,32.20083333,0.0256214,5
348,75,Contact,395.0889796,395.2228571,0.1338775,-297.0786018,290,26.1564,3.70E-05,7
348,76,Contact,395.4938776,395.6408163,0.1469387,-280.975728,712,21.77116667,0.0393216,7
348,77,Contact,395.9085714,396.0587755,0.1502041,-279.7906925,409,21.82166667,0.0262428,6
348,78,Contact,480.9092063,481.1098413,0.200635,-299.3783382,3453,32.336375,0.028086857,7
348,79,Contact,481.1809524,481.4450794,0.264127,-220.4694236,4903,29.34336364,0.0197741,7
348,80,Contact,481.5034921,481.7955556,0.2920635,-199.1067941,3615,21.85066667,0.017872818,7
348,81,Contact,481.8946032,482.1688889,0.2742857,-328.8701535,3601,23.83518182,0.0262144,7
348,82,Contact,483.1579138,483.4249433,0.2670295,-263.929451,3770,29.78454545,0.032396,6
348,83,Contact,483.4946032,483.7935601,0.2989569,-207.0306,4442,21.84533333,0.029385909,8
348,84,Contact,483.8864399,484.1766893,0.2902494,-245.0051868,3601,16.38341667,0.017878,8
348,85,Contact,486.2432653,486.517551,0.2742857,-140.3803091,4109,17.87345455,0.0196608,7
348,86,Contact,486.5730612,486.8767347,0.3036735,-166.6648402,4896,25.20946154,0.027306667,9
348,87,Contact,486.9583673,487.2946939,0.3363266,-154.6805257,3637,14.04392857,0.014848923,6
348,88,Contact,487.6016327,487.957551,0.3559183,-125.1450569,3298,21.84533333,0.023405714,5
349,89,Pleasure,28.50539683,28.63020408,0.12480725,350.2516565,7,0.0498,6.40E-05,7
349,90,Pleasure,28.85369615,28.96399093,0.11029478,355.7552683,7,0.06225,8.53E-05,6
349,91,Pleasure,29.25133787,29.34712018,0.09578231,352.3438638,0,0,0,7
349,92,Pleasure,29.57351474,29.68380952,0.11029478,412.3046454,0,0,0,13
349,93,Pleasure,29.92471655,30.01469388,0.08997733,356.917712,2722,20.938,0.001361,14
349,94,Pleasure,30.24108844,30.34557823,0.10448979,303.4120256,7,0.06225,8.53E-05,9
349,95,Pleasure,30.58068027,30.6677551,0.08707483,294.6372642,0,0,0,8
349,96,Pleasure,34.00562358,34.10721088,0.1015873,237.6007907,2545,16.384,0.042842333,11
349,97,Pleasure,34.31909297,34.4061678,0.08707483,363.4685287,3170,1.056666667,0.031634,13
349,98,Pleasure,34.65287982,34.75156463,0.09868481,366.2495997,7,0.00175,8.53E-05,6
349,99,Pleasure,35.33496599,35.44816327,0.11319728,373.7677294,2545,16.384,0.042842333,12
349,100,Pleasure,35.70938776,35.81968254,0.11029478,330.5255216,14,0.06225,8.30E-05,10
349,101,Pleasure,36.30730159,36.4059864,0.09868481,340.6130132,0,0,0,13
349,102,Pleasure,36.68172336,36.79492064,0.11319728,295.7540564,0,0,0,10
349,103,Pleasure,37.21578231,37.34058957,0.12480726,316.1979621,3939,13.1186,0.0317975,12
349,104,Pleasure,38.18811791,38.2984127,0.11029479,287.0277777,2602,16.38225,0.021845333,14
349,105,Pleasure,38.84698413,38.96888889,0.12190476,373.8049193,2481,13.1072,0.016384,12
349,106,Pleasure,39.45360544,39.56390023,0.11029479,278.5427204,0,0,0,10
349,107,Pleasure,40.00507937,40.10376417,0.0986848,307.6639303,7,0.00175,8.53E-05,15
349,108,Pleasure,40.35628118,40.47238095,0.11609977,348.0051771,57,0.0398,6.40E-05,12
349,109,Pleasure,40.71038549,40.83229025,0.12190476,415.0150767,7,0.0498,6.40E-05,9
349,110,Pleasure,41.0615873,41.17478458,0.11319728,385.0384061,0,0,0,9
349,111,Pleasure,52.67156463,52.77315193,0.1015873,340.9588896,0,0,0,5
349,112,Pleasure,53.01115646,53.13306122,0.12190476,462.8623063,0,0,0,7
349,113,Pleasure,53.4000907,53.51038549,0.11029479,479.7336196,0,0,0,8
349,114,Pleasure,53.84126984,53.94575964,0.1044898,360.9845714,2602,16.38575,0.020978,11
349,115,Pleasure,54.35791383,54.46530612,0.10739229,351.3774452,0,0,0,12
349,116,Pleasure,56.55219955,56.65668934,0.10448979,390.0393959,0,0,0,12
349,117,Pleasure,57.03111111,57.14430839,0.11319728,320.2846834,7,0.06225,8.53E-05,12
349,118,Pleasure,57.37650794,57.47809524,0.1015873,208.1672828,3954,32.77525,0.041531333,14
349,119,Pleasure,57.87573696,57.98893424,0.11319728,328.9387571,2765,16.38225,0.021845333,14
349,120,Pleasure,59.55628118,59.66657596,0.11029478,292.5664427,3615,16.3965,0.020657,15
349,121,Pleasure,59.89877551,59.98294785,0.08417234,267.7727454,3615,21.86666667,0.0309925,13
349,122,Pleasure,60.27609977,60.36897959,0.09287982,306.6244856,36,0.009,0.000170667,16
349,123,Pleasure,137.4563265,137.5782313,0.1219048,420.2323507,50,0.01,6.40E-05,12
349,124,Pleasure,137.8975057,138.0194104,0.1219047,392.4724555,50,0.0412,6.40E-05,13
349,125,Pleasure,138.498322,138.6231293,0.1248073,393.3771786,50,0.01,1.25E-05,12
349,126,Pleasure,139.1368707,139.250068,0.1131973,292.0641582,0,0,0,11
349,127,Pleasure,139.5548299,139.6709297,0.1160998,346.8031909,4109,13.0972,0.032768,13
349,128,Pleasure,140.0598639,140.1643537,0.1044898,451.698277,3896,15.70175,0.020546667,15
349,129,Pleasure,238.09161,238.2019048,0.1102948,272.1423807,14,0.0035,8.53E-05,5
349,130,Pleasure,238.5240816,238.6314739,0.1073923,347.1388244,4059,1.01475,0.042700667,11
349,131,Pleasure,238.8346485,238.9507483,0.1160998,400.5121776,4109,13.1072,0.03174075,11
349,132,Pleasure,239.4906122,239.5892971,0.0986849,431.2507286,7,0.06225,8.53E-05,9
349,133,Pleasure,239.9724263,240.0827211,0.1102948,311.4864063,3939,17.36875,0.023158333,10
349,134,Pleasure,241.3946485,241.4991383,0.1044898,358.3067676,2925,16.3625,0.042744333,12
349,135,Pleasure,243.0577778,243.1535601,0.0957823,394.7542211,29,0.00725,7.57E-05,13
349,136,Pleasure,244.1694331,244.2623129,0.0928798,222.320778,4152,1.038,0.021845333,11
349,137,Pleasure,244.7412245,244.8341043,0.0928798,324.2943518,4138,15.7155,0.04223,14
349,138,Pleasure,245.008254,245.1243537,0.1160997,397.6277829,4145,13.1014,0.047359,11
349,139,Pleasure,245.3101134,245.4204082,0.1102948,401.8448426,3063,32.768,0.020824333,9
349,140,Pleasure,245.6351927,245.7454875,0.1102948,380.1014939,3156,15.66175,0.020793333,11
349,141,Pleasure,246.012517,246.1315193,0.1190023,452.0778512,0,0,0,9
349,142,Pleasure,251.5853061,251.7043084,0.1190023,312.1807099,4116,13.1058,0.031739,13
349,143,Pleasure,251.9423129,252.0497052,0.1073923,229.7126104,3932,16.37325,0.04238,12
349,144,Pleasure,252.3022222,252.400907,0.0986848,218.3688073,3975,16.38575,0.020522667,10
349,145,Pleasure,258.6499773,258.7660771,0.1160998,417.2439053,0,0,0,13
349,146,Pleasure,259.7209977,259.8312925,0.1102948,313.1619491,7,0.00175,8.30E-05,12
349,147,Pleasure,260.1070295,260.2144218,0.1073923,341.3654721,7,0.06225,8.30E-05,10
349,148,Pleasure,312.2300227,312.34322,0.1131973,431.9690029,50,0.0125,8.53E-05,12
349,149,Pleasure,312.7931066,312.9208163,0.1277097,305.4471488,15,0.0528,0.00012625,12
349,150,Pleasure,313.4142404,313.5390476,0.1248072,369.593351,79,0.0556,4.43E-05,12
349,151,Pleasure,324.9748753,325.102585,0.1277097,431.6057834,0,0,0,13
349,152,Pleasure,325.3376871,325.4682993,0.1306122,409.4587469,7,0.0014,6.40E-05,7
349,153,Pleasure,337.6181406,337.7168254,0.0986848,298.2407684,14,0.0035,8.07E-05,12
349,154,Pleasure,338.1434921,338.2508844,0.1073923,390.3461186,7,0.06225,8.30E-05,12
349,155,Pleasure,338.4656689,338.5817687,0.1160998,368.1346543,0,0,0,12
349,156,Pleasure,339.3015873,339.4089796,0.1073923,313.8559239,2903,16.38575,0.021845333,13
349,157,Pleasure,339.6702041,339.7746939,0.1044898,305.8787928,14,0.0605,8.07E-05,9
349,158,Pleasure,348.665034,348.7608163,0.0957823,240.4230291,43,0.01075,8.53E-05,8
349,159,Pleasure,349.1323356,349.2368254,0.1044898,361.4339013,50,0.1155,8.77E-05,14
349,160,Pleasure,349.4370975,349.5386848,0.1015873,325.9713189,64,0.0765,0.000170667,14
349,161,Pleasure,349.7418594,349.8405442,0.0986848,292.6638997,3932,0.983,0.021845333,8
349,162,Pleasure,350.0785488,350.1801361,0.1015873,212.812073,4059,1.01475,0.021305667,13
349,163,Pleasure,350.3658957,350.455873,0.0899773,296.7969443,2896,20.88,0.03132,13
349,164,Pleasure,350.9260771,351.0276644,0.1015873,336.9534623,2896,16.38225,0.042727667,13
349,165,Pleasure,351.1873016,351.2859864,0.0986848,231.6399405,1404,0.351,0.021845333,10
349,166,Pleasure,351.5559184,351.6604082,0.1044898,383.1952038,4123,16.36975,0.041409,13
349,167,Pleasure,357.3463946,357.4450794,0.0986848,378.935571,7,0.06225,8.53E-05,11
349,168,Pleasure,357.6569615,357.7498413,0.0928798,291.7852937,3799,0.94975,0.021845333,10
349,169,Pleasure,358.0081633,358.1097506,0.1015873,393.3013089,2681,16.375,0.020963667,12
349,170,Pleasure,361.734966,361.8394558,0.1044898,294.8729059,4109,1.02725,0.042638667,14
349,171,Pleasure,362.0136054,362.1209977,0.1073923,290.4851633,7,0.06225,8.53E-05,9
349,172,Pleasure,362.3009524,362.4112472,0.1102948,216.2318073,3889,0.97225,0.021845333,17
349,173,Pleasure,365.7084807,365.833288,0.1248073,429.2567162,2772,13.0972,0.016384,11
349,174,Pleasure,366.2541497,366.3586395,0.1044898,369.3576607,2889,16.39475,0.042742,14
349,175,Pleasure,382.4587755,382.5806803,0.1219048,439.4350391,0,0,0,8
349,176,Pleasure,382.960907,383.0770068,0.1160998,347.815932,2765,13.1158,0.016384,15
349,177,Pleasure,383.4978685,383.6284807,0.1306122,372.353062,0,0,0,14
349,178,Pleasure,385.4193197,385.5296145,0.1102948,390.067475,0,0,0,11
349,179,Pleasure,385.814059,385.9185488,0.1044898,218.5476523,28,0.007,8.53E-05,14
349,180,Pleasure,386.1594558,386.2581406,0.0986848,424.399868,0,0,0,10
349,181,Pleasure,386.4787302,386.5919274,0.1131972,282.8188519,0,0,0,9
349,182,Pleasure,417.6312018,417.7443991,0.1131973,382.8820215,0,0,0,14
349,183,Pleasure,417.9591837,418.0694785,0.1102948,423.7171638,4116,16.384,0.020473333,13
349,184,Pleasure,419.6600454,419.7674376,0.1073922,321.6487234,7,0.00175,8.53E-05,12
349,185,Pleasure,420.0083447,420.1273469,0.1190022,377.7992162,4152,13.1144,0.03200225,11
349,186,Pleasure,420.844263,420.9458503,0.1015873,295.6810363,4145,1.03625,0.043681,13
349,187,Pleasure,421.2099773,421.3173696,0.1073923,345.0829958,7,0.064,8.53E-05,7
349,188,Pleasure,455.3549206,455.4681179,0.1131973,325.074548,50,0.0125,8.53E-05,13
349,189,Pleasure,455.7699773,455.8947846,0.1248073,367.7043424,4116,13.1186,0.03175325,12
349,190,Pleasure,499.716644,499.8356463,0.1190023,303.9944596,0,0,0,3
349,191,Pleasure,501.0111565,501.1359637,0.1248072,361.059084,4336,26.2316,0.031684,12
349,192,Pleasure,501.3362358,501.4523356,0.1160998,348.0469988,0,0,0,9
349,193,Pleasure,501.7890249,501.9051247,0.1160998,320.5703843,86,0.044,5.15E-05,11
349,194,Pleasure,502.3782313,502.4827211,0.1044898,357.5866372,0,0,0,12
349,195,Pleasure,503.4347392,503.5363265,0.1015873,329.4359988,7,0.00175,8.53E-05,13
350,196,Contact,93.40190476,93.57714286,0.1752381,-244.8034175,3713,18.19414286,0.021845333,6
350,197,Contact,93.66603175,93.93015873,0.26412698,-36.08888056,4066,17.53527273,0.0261975,6
350,198,Contact,94.21968254,94.54984127,0.33015873,-236.1247126,4293,23.09907143,0.025202846,6
350,199,Contact,94.6768254,94.95873016,0.28190476,-219.3971814,4243,21.49175,0.017906273,5
350,200,Contact,95.52507937,95.77904762,0.25396825,-175.6011524,3932,19.2676,0.021845333,5
350,201,Contact,95.81968254,96.17777778,0.35809524,-13.84881335,4116,12.85586667,0.023393643,6
350,202,Contact,96.19555556,96.54603175,0.35047619,-66.92806215,4435,21.84533333,0.027770071,6
350,203,Contact,96.62222222,96.96,0.33777778,-122.8460912,4442,18.40728571,0.020164923,6
350,204,Contact,96.99047619,97.32571429,0.3352381,-88.79932052,4442,13.72614286,0.015123692,6
350,205,Contact,97.36126984,97.68634921,0.32507937,-71.98902085,4643,13.72664286,0.020164923,6
350,206,Contact,97.73968254,98.07746032,0.33777778,-56.35009445,4643,18.40728571,0.025206154,6
350,207,Contact,98.15111111,98.45333333,0.30222222,-94.67245854,4643,20.16492308,0.016013833,6
350,208,Contact,98.56,98.90285714,0.34285714,-29.55192246,4650,9.362785714,0.019549,5
350,209,Contact,98.94349206,99.29650794,0.35301588,-74.09635299,4643,17.4758,0.027770071,6
350,210,Contact,99.35746032,99.72571429,0.36825397,-91.75842025,4643,21.84486667,0.027770071,6
350,211,Contact,99.79428571,100.1930159,0.39873019,-39.98832985,4643,15.42064706,0.024298375,6
350,212,Contact,100.2768254,100.6679365,0.3911111,-107.7308386,4435,16.384,0.012811533,6
350,213,Contact,100.7669841,101.1301587,0.3631746,-86.38312239,4442,13.1072,0.018421,6
350,214,Contact,101.2596825,101.6253968,0.3657143,-213.2934726,4435,13.1072,0.018724571,7
350,215,Contact,101.7193651,102.1053968,0.3860317,-209.5975617,4250,12.288,0.013107667,6
350,216,Contact,102.1866667,102.567619,0.3809523,-250.5631097,4250,16.384,0.0131072,6
350,217,Contact,102.6260317,102.9892063,0.3631746,-233.4641452,4250,13.1072,0.009362286,6
350,218,Contact,103.1161905,103.512381,0.3961905,-227.7483309,4250,7.710117647,0.012288,5
350,219,Contact,103.6698413,104.0330159,0.3631746,-191.1400663,4442,8.7386,0.014043429,7
350,220,Contact,104.2387302,104.6501587,0.4114285,-224.8877573,4300,11.56223529,0.016118375,6
350,221,Contact,105.5314286,105.864127,0.3326984,-209.7860312,3720,9.362285714,0.020164923,7
350,222,Contact,105.9098413,106.2933333,0.383492,-138.1553242,4250,12.2884375,0.017476267,5
350,223,Contact,106.3822222,106.727619,0.3453968,-221.0586919,4250,9.362785714,0.019838,6
350,224,Contact,107.1314286,107.4387302,0.3073016,-225.782958,3558,9.808769231,0.010922667,5
350,225,Contact,107.512381,107.8552381,0.3428571,-183.9036223,4250,18.72457143,0.010082462,5
350,226,Contact,107.9034921,108.2488889,0.3453968,-109.9811636,4442,14.04342857,0.015123692,6
350,227,Contact,110.824127,111.2380952,0.4139682,-53.8293206,4643,15.42023529,0.024298813,6
350,228,Contact,111.3549206,111.7257143,0.3707937,-80.8523771,4442,13.1072,0.014043429,6
350,229,Contact,111.7892063,112.167619,0.3784127,-51.0656219,4442,12.2875625,0.0131072,6
350,230,Contact,112.2361905,112.6425397,0.4063492,-32.621894,4442,19.27488235,0.020480438,4
350,231,Contact,112.695873,113.1022222,0.4063492,-121.6180543,4499,15.42358824,0.024306813,6
350,232,Contact,113.1479365,113.5542857,0.4063492,-129.1156017,4250,15.41982353,0.020214813,5
350,233,Contact,113.6888889,114.1130159,0.424127,-123.2802077,4250,17.96872222,0.015420647,5
350,234,Contact,125.0122449,125.1609977,0.1487528,-36.3754407,3403,21.27816667,0.038641,5
350,235,Contact,125.3678005,125.5510204,0.1832199,-204.0778797,3720,9.848428571,0.021845333,6
350,236,Contact,125.8340136,126.031746,0.1977324,-43.36388835,4059,16.8085,0.028086857,7
350,237,Pleasure,142.2095238,142.2984127,0.0888889,356.4189076,7,0.002333333,3.50E-06,11
350,238,Pleasure,142.770068,142.8444444,0.0743764,355.2321654,3453,21.82866667,0.0310415,14
350,239,Pleasure,143.076644,143.169161,0.092517,406.1491728,7,0.002333333,0.000128,11
350,240,Pleasure,143.6154195,143.6897959,0.0743764,291.4236834,7,0.083,0.0001245,12
350,241,Pleasure,143.9346939,144.0145125,0.0798186,292.4092599,0,0,0,7
350,242,Pleasure,146.4018141,146.4689342,0.0671201,282.9739991,14,0.004666667,0.000121,13
350,243,Pleasure,146.9333333,147.0222222,0.0888889,338.6936798,0,0,0,12
350,244,Pleasure,147.4702948,147.5664399,0.0961451,303.5983169,0,0,0,7
350,245,Pleasure,147.8077098,147.9002268,0.092517,261.6109973,7,0.083,0.000128,11
350,246,Pleasure,155.6517007,155.7351474,0.0834467,284.3354879,14,0.004666667,0.000128,11
350,247,Pleasure,155.9455782,156.030839,0.0852608,291.3136344,57,0.019,9.95E-05,11
350,248,Pleasure,156.2884354,156.368254,0.0798186,342.8740184,0,0,0,11
350,249,Pleasure,167.0439909,167.1256236,0.0816327,393.2352862,7,0.002333333,0.0001245,10
350,250,Pleasure,167.3469388,167.4358277,0.0888889,264.2133132,2371,21.055,0.0011855,13
350,251,Pleasure,168.4952381,168.5895692,0.0943311,306.4368222,3446,15.75125,0.042542,13
350,252,Pleasure,202.7210884,202.8208617,0.0997733,263.2223136,7,0.06225,8.53E-05,6
350,253,Pleasure,203.0222222,203.1038549,0.0816327,149.3232384,7,0.083,0.000128,9
350,254,Pleasure,286.6503401,286.7192744,0.0689343,334.8193493,0,0,0,8
350,255,Pleasure,286.9895692,287.0893424,0.0997732,369.685686,50,0.0125,8.53E-05,9
350,256,Pleasure,304.2811791,304.3664399,0.0852608,297.1736363,0,0,0,6
350,257,Pleasure,304.522449,304.6240363,0.1015873,201.36582,7,0.06225,2.33E-06,7
351,258,Contact,313.3518367,313.5912925,0.2394558,-215.0554532,3889,32.7687,0.035976778,7
351,259,Contact,313.7480272,314.0179592,0.269932,-212.4666543,3889,23.83063636,0.0323798,6
351,260,Contact,314.1355102,314.4576871,0.3221769,-307.6577593,4116,20.16492308,0.027306667,6
351,261,Contact,314.6536054,314.8582313,0.2046259,-249.4063939,4109,32.77425,0.036491429,7
351,262,Contact,315.2326531,315.4546939,0.2220408,-305.1735593,3889,36.40888889,0.040473875,8
351,263,Contact,315.7812245,316.007619,0.2263945,-304.3959246,3889,29.12711111,0.032768,7
351,264,Contact,316.2296599,316.4647619,0.235102,-332.6746767,4066,32.7687,0.036408889,7
351,265,Contact,316.647619,316.9697959,0.3221769,-183.1653866,4066,20.16492308,0.021845333,9
351,266,Contact,317.0481633,317.4095238,0.3613605,-131.4897195,4066,13.1072,0.018724571,7
351,267,Contact,317.4791837,317.8318367,0.352653,-87.45009447,4066,17.4758,0.018724571,7
351,268,Contact,317.9363265,318.2889796,0.3526531,-119.002031,4066,13.10766667,0.014043429,6
351,269,Contact,318.4326531,318.7417687,0.3091156,-130.3434952,4066,15.37407692,0.010583833,8
351,270,Contact,318.9420408,319.2990476,0.3570068,-223.4765592,4102,13.1048,0.014043429,8
351,271,Contact,319.4209524,319.7344218,0.3134694,-154.5641534,3939,20.16438462,0.027306667,7
351,272,Contact,319.8389116,320.134966,0.2960544,-189.850853,3939,21.84058333,0.035741727,9
351,273,Contact,320.3265306,320.6704762,0.3439456,-215.020757,3889,18.72407143,0.024907538,8
351,274,Contact,320.8533333,321.1580952,0.3047619,-249.4017999,4293,25.20338462,0.0270195,7
351,275,Contact,331.1978231,331.4329252,0.2351021,-270.9413968,3939,19.6558,0.035995556,6
351,276,Contact,331.7420408,332.0293878,0.287347,-245.1444624,4116,27.3055,0.023458364,6
351,277,Contact,332.1904762,332.4604082,0.269932,-234.7759154,3932,18.18672727,0.0323748,7
351,278,Contact,332.6258503,332.9044898,0.2786395,-107.7270627,3939,16.384,0.023159273,6
351,279,Contact,333.1439456,333.4487075,0.3047619,-219.9902208,3932,20.16823077,0.026979,7
351,280,Contact,333.6707483,333.927619,0.2568707,-169.0628394,3939,18.18736364,0.0258205,7
351,281,Contact,334.2106122,334.4761905,0.2655783,-127.0099843,4059,23.83127273,0.0323798,8
352,282,Pleasure,20.17269841,20.30984127,0.13714286,298.9242353,43,0.0086,6.40E-05,10
352,283,Pleasure,20.49269841,20.62476191,0.1320635,209.3081037,3601,13.1158,0.016384,10
352,284,Pleasure,20.78476191,20.89904762,0.11428571,306.7200645,7,0.00175,8.53E-05,6
352,285,Pleasure,21.14793651,21.25714286,0.10920635,274.6938599,3558,16.38575,0.020661667,11
352,286,Pleasure,21.64571429,21.76507937,0.11936508,304.7234478,7,0.0498,6.40E-05,7
352,287,Pleasure,30.48126984,30.57269841,0.09142857,296.0577646,0,0,0,11
352,288,Pleasure,30.77587302,30.86222222,0.0863492,346.561231,0,0,0,10
352,289,Pleasure,31.07047619,31.1568254,0.08634921,322.597402,50,0.016666667,0.000103,10
352,290,Pleasure,137.5187302,137.6,0.0812698,315.3562011,14,0.087666667,0.000121,12
352,291,Pleasure,146.2704762,146.3720635,0.1015873,360.1357696,0,0,0,8
352,292,Pleasure,147.1060317,147.2152381,0.1092064,329.0847516,7,0.06225,8.53E-05,10
352,293,Pleasure,147.5530159,147.6596825,0.1066666,318.8238282,7,0.00175,8.53E-05,11
352,294,Pleasure,148.0126984,148.1142857,0.1015873,369.4633018,0,0,0,10
352,295,Pleasure,186.5904762,186.7022222,0.111746,341.9478679,7,0.00175,8.53E-05,10
352,296,Pleasure,186.9460317,187.0501587,0.104127,352.2085593,0,0,0,9
352,297,Pleasure,187.304127,187.4285714,0.1244444,269.9647758,7,0.0014,6.40E-05,9
352,298,Pleasure,199.0704762,199.192381,0.1219048,414.2104043,0,0,0,7
352,299,Pleasure,353.1657143,353.2571429,0.0914286,155.2982723,86,0.056666667,8.50E-05,8
352,300,Pleasure,353.4857143,353.5695238,0.0838095,338.7784157,57,0.066333333,0.000128,11
355,301,Pleasure,20.01632653,20.13061225,0.11428572,219.8987978,7,0.06225,8.53E-05,11
355,302,Pleasure,20.68244898,20.80326531,0.12081633,207.7815998,2715,12.5642,0.016384,8
355,303,Pleasure,21.19836735,21.31591837,0.11755102,238.5967928,7,0.0498,6.40E-05,7
355,304,Pleasure,22.36408163,22.47836735,0.11428572,297.3355405,43,0.01075,8.53E-05,8
355,305,Contact,221.864127,222.1104762,0.2463492,-342.3966965,3889,19.6608,0.021846111,7
355,306,Contact,222.191746,222.4380952,0.2463492,-261.9396646,4066,19.6615,0.036408889,6
355,307,Contact,222.4888889,222.7530159,0.264127,-227.4695302,4293,17.87409091,0.0262144,7
355,308,Contact,222.8190476,223.0780952,0.2590476,-221.2418216,4066,17.87409091,0.032768,8
355,309,Contact,223.1365079,223.415873,0.2793651,-198.9324592,4442,21.52125,0.017857364,8
355,310,Contact,223.5326984,223.8196825,0.2869841,-288.4888069,4300,21.84116667,0.023444909,8
355,311,Contact,223.888254,224.1498413,0.2615873,-266.5273725,4300,30.11190909,0.0196665,8
355,312,Contact,224.2057143,224.5180952,0.3123809,-139.2943149,4492,25.20561538,0.026932917,8
355,313,Contact,224.5307937,224.8609524,0.3301587,-227.822019,1039,9.288071429,0.005041231,7
355,314,Contact,224.9066667,225.2215873,0.3149206,-310.6895466,3770,10.08192308,0.01609625,6
355,315,Contact,225.3053968,225.6152381,0.3098413,-284.2076192,4300,20.16546154,0.016384,6
355,316,Contact,225.7447619,226.024127,0.2793651,-212.8284492,4307,21.84475,0.017873455,7
355,317,Contact,226.08,226.3238095,0.2438095,-246.3676084,4492,19.6651,0.021850889,6
355,318,Contact,226.4457143,226.7428571,0.2971428,-150.4270457,4492,27.30725,0.023109636,7
355,319,Contact,226.8063492,227.0526984,0.2463492,-184.0283826,4293,20.0209,0.021845333,6
355,320,Contact,227.1542857,227.4514286,0.2971429,-194.9736286,4686,21.84533333,0.023092,7
355,321,Contact,227.4971429,227.8425397,0.3453968,-114.437985,4485,18.72407143,0.019820462,8
355,322,Contact,227.8730159,228.1980952,0.3250793,-179.9271228,4300,23.40571429,0.015123692,7
355,323,Contact,228.271746,228.6069841,0.3352381,-153.2952121,4307,18.72864286,0.025206154,8
355,324,Contact,228.6806349,228.9473016,0.2666667,-221.1163853,4293,18.18672727,0.0192315,7
355,325,Contact,229.0133333,229.3714286,0.3580953,-108.2469142,4492,21.84533333,0.014043429,7
355,326,Contact,229.815873,230.1003175,0.2844445,-130.1315437,4116,21.84533333,0.035373364,8
355,327,Contact,230.1612698,230.4914286,0.3301588,-104.7499494,4485,27.77007143,0.020164923,8
355,328,Contact,230.9257143,231.248254,0.3225397,-65.68595485,4109,25.47123077,0.02729375,7
355,329,Contact,231.2685714,231.5834921,0.3149207,-118.8894786,4492,19.87492308,0.026932333,8
355,330,Contact,231.6190476,231.9695238,0.3504762,-103.7337758,4693,21.842,0.028086857,7
355,331,Contact,232,232.3149206,0.3149206,-119.498723,1240,20.06953846,0.021845333,8
355,332,Contact,232.3555556,232.6806349,0.3250793,-80.74509383,1450,27.98328571,0.020164923,8
355,333,Contact,232.744127,233.1098413,0.3657143,-180.0920468,4693,21.8458,0.027751643,7
355,334,Contact,233.1530159,233.5060317,0.3530158,-100.9326251,4693,17.1672,0.018728643,7
355,335,Contact,233.5365079,233.8768254,0.3403175,-96.06149419,4686,14.04342857,0.014763231,6
355,336,Contact,233.9352381,234.2603175,0.3250794,-188.318683,4492,18.721,0.019823231,6
355,337,Contact,234.3288889,234.6565079,0.327619,-162.5110575,4693,23.40671429,0.019803923,8
355,338,Contact,234.6920635,234.9892063,0.2971428,-150.8999777,4485,16.38041667,0.029385273,9
355,339,Contact,235.0425397,235.4031746,0.3606349,-40.24339036,4686,17.4796,0.023071,7
355,340,Contact,235.4742857,235.7968254,0.3225397,-179.2993239,4686,20.43,0.026916167,7
355,341,Contact,235.8603175,236.1650794,0.3047619,-181.9351847,4693,20.16053846,0.026920333,7
355,342,Contact,236.2615873,236.6120635,0.3504762,-126.4761721,4700,21.8444,0.028086857,6
355,343,Contact,236.6806349,237.0184127,0.3377778,-216.1815722,4643,18.72457143,0.025206154,7
355,344,Contact,237.0692063,237.4019048,0.3326985,-229.602558,4693,18.721,0.020169308,7
355,345,Contact,237.4933333,237.8565079,0.3631746,-231.8588269,4499,17.47533333,0.032768,7
355,346,Contact,237.9352381,238.2374603,0.3022222,-202.5946947,4693,20.16546154,0.026915583,7
355,347,Contact,238.2907937,238.6361905,0.3453968,-176.3455313,4686,23.40571429,0.030247385,8
355,348,Contact,238.6869841,239.0349206,0.3479365,-53.84918613,4693,18.721,0.029890231,7
355,349,Contact,239.0933333,239.4260317,0.3326984,-116.146746,4686,18.39292857,0.020164923,7
355,350,Contact,239.5047619,239.8501587,0.3453968,-178.0638181,4643,23.40621429,0.030247385,7
355,351,Contact,239.8780952,240.2412698,0.3631746,-187.0479089,4700,17.48006667,0.023401643,9
355,352,Contact,240.312381,240.6577778,0.3453968,-149.3890403,4686,14.03985714,0.029890769,8
355,353,Contact,240.695873,241.0234921,0.3276191,-198.5976283,4700,18.7205,0.025206154,7
355,354,Contact,241.0742857,241.4069841,0.3326984,-110.6194125,4686,18.72764286,0.024559538,7
355,355,Contact,241.447619,241.7726984,0.3250794,-134.7315673,4693,23.40521429,0.020169308,9
355,356,Contact,241.8869841,242.2196825,0.3326984,-129.6148737,4643,23.65985714,0.020081462,7
355,357,Contact,242.2907937,242.6590476,0.3682539,-158.0843873,4643,17.16673333,0.018724571,7
355,358,Contact,242.7098413,243.1111111,0.4012698,-149.6115874,4643,15.42064706,0.028381813,7
355,359,Contact,348.1346032,348.4292063,0.2946031,-247.4938084,4300,21.84475,0.041315091,8
355,360,Contact,348.4520635,348.7568254,0.3047619,-64.55272319,4485,19.83469231,0.027290667,6
355,361,Contact,348.7847619,349.0895238,0.3047619,-71.57276534,4293,24.89007692,0.02183,7
355,362,Contact,349.1352381,349.4857143,0.3504762,-77.36725485,4686,17.20233333,0.028045643,7
355,363,Contact,349.5111111,349.8412698,0.3301587,-131.7713679,4686,18.99335714,0.025218615,7
355,364,Contact,394.1434921,394.392381,0.2488889,-247.0505481,811,13.0726,0.021880556,6
355,365,Contact,394.4990476,394.7885714,0.2895238,-138.163298,4686,21.84533333,0.029363091,7
355,366,Contact,394.8647619,395.1619048,0.2971429,-80.27259155,4693,16.71225,0.023404636,7
355,367,Contact,395.2253968,395.5784127,0.3530159,-53.35331217,4903,21.84533333,0.023405714,6
355,368,Contact,395.6165079,395.992381,0.3758731,-171.8859337,4903,20.4804375,0.030583467,7
355,369,Contact,396.0330159,396.4165079,0.383492,-106.9479139,4903,20.480875,0.030257067,7
355,370,Contact,396.4647619,396.8101587,0.3453968,-216.5682716,4896,23.40571429,0.025206154,6
355,371,Contact,397.0463492,397.4222222,0.375873,-163.0402343,4686,20.48,0.021532933,5
355,372,Contact,397.495873,397.8692063,0.3733333,-148.1379027,4686,16.384,0.021845333,5
355,373,Contact,397.9530159,398.3365079,0.383492,-91.91891584,4903,24.5764375,0.021518467,5
355,374,Contact,398.4279365,398.8190476,0.3911111,-117.652363,4903,20.4795625,0.021845333,5
355,375,Contact,398.8622222,399.2253968,0.3631746,-114.1924398,5130,22.09713333,0.032428857,6
355,376,Contact,399.3244444,399.6977778,0.3733334,-121.9203838,5123,20.48,0.0262144,6
364,377,Contact,209.6217687,209.8539683,0.2321996,-185.1853978,3889,13.4475,0.021861778,6
364,378,Contact,210.0426304,210.2675737,0.2249433,-121.7355749,3882,22.22266667,0.02410925,5
364,379,Contact,210.5396825,210.7501134,0.2104309,-142.4943407,3763,14.93,0.024576,5
364,380,Contact,212.0344671,212.3718821,0.337415,-226.5086061,3720,14.04342857,0.020164923,5
364,381,Contact,212.5460317,212.9160998,0.3700681,-199.6623261,3720,13.10766667,0.018725071,5
364,382,Contact,213.0358277,213.4022676,0.3664399,-272.4345002,3720,13.1072,0.018724571,5
364,383,Contact,213.4748299,213.8739229,0.399093,-145.4436296,3720,11.56476471,0.016384,5
364,384,Contact,213.9501134,214.3129252,0.3628118,-106.6744107,3720,13.1072,0.023405714,5
364,385,Contact,214.4471655,214.8208617,0.3736962,-247.4949289,3889,16.384,0.017476267,5
364,386,Contact,214.860771,215.1909297,0.3301587,-103.6668746,4066,14.04292857,0.019852692,5
364,387,Contact,215.3034014,215.6408163,0.3374149,-45.9021345,4066,18.72457143,0.025206154,6
364,388,Contact,215.7351474,216.1160998,0.3809524,-7.858168187,4066,24.5764375,0.021574267,6
364,389,Contact,216.2249433,216.5587302,0.3337869,-6.719994082,3889,13.78928571,0.015098231,6
364,390,Contact,216.707483,217.0739229,0.3664399,-86.36748616,3889,17.47626667,0.023127929,6
364,391,Contact,217.1755102,217.5528345,0.3773243,-10.6156659,4116,20.476875,0.034693733,6
364,392,Contact,217.6544218,218.0716553,0.4172335,5.226665645,3946,19.27194118,0.032531938,6
364,393,Contact,218.1804989,218.5687075,0.3882086,-35.13057062,4059,16.384,0.021586533,5
364,394,Contact,218.6521542,219.0403628,0.3882086,-7.945795396,4066,20.48,0.0215752,5
364,395,Contact,219.1020408,219.5120181,0.4099773,83.48536802,4109,15.41729412,0.028426688,5
364,396,Contact,219.5882086,219.9655329,0.3773243,-64.90830669,3889,16.3835625,0.017217467,5
364,397,Contact,220.0235828,220.4117914,0.3882086,-70.86498993,3939,20.244375,0.021845333,5
364,398,Contact,220.4770975,220.8580499,0.3809524,-193.6576571,4686,24.3509375,0.0262036,6
364,399,Contact,220.9451247,221.2680272,0.3229025,-156.0862734,4643,14.85,0.02154825,6
364,400,Contact,221.3986395,221.8086168,0.4099773,-179.1647856,4693,15.42317647,0.016148375,6
364,401,Contact,221.8739229,222.2875283,0.4136054,-101.3276518,3720,11.35629412,0.016384,6
364,402,Contact,222.3782313,222.7628118,0.3845805,-151.5258057,3720,12.2884375,0.021597333,7
364,403,Contact,222.8281179,223.2199546,0.3918367,-132.0696597,4300,16.148375,0.0131072,6
364,404,Contact,223.3142857,223.6952381,0.3809524,-108.42587,3763,16.3813125,0.017228267,6
364,405,Contact,223.7750567,224.1414966,0.3664399,-24.67735297,3882,21.5978,0.018521786,5
364,406,Contact,224.2285714,224.6131519,0.3845805,3.370106944,776,16.3650625,0.017476267,5
364,407,Contact,224.707483,225.1573696,0.4498866,18.89889125,3946,13.59826316,0.018191889,6
364,408,Contact,225.2081633,225.6181406,0.4099773,27.25126506,3932,22.909,0.024573313,6
364,409,Contact,225.7052154,226.1043084,0.399093,25.19544362,3889,15.21094118,0.016373875,5
364,410,Contact,226.1804989,226.6013605,0.4208616,-6.589855461,3932,18.00438889,0.015410706,6
364,411,Contact,226.6884354,227.0802721,0.3918367,-12.26047596,3720,16.3835625,0.017228733,4
364,412,Contact,227.1528345,227.5519274,0.3990929,-8.43181273,3889,19.27529412,0.0284395,6
364,413,Contact,227.6390023,228.0054422,0.3664399,80.50343814,4116,21.84246667,0.037183429,7
364,414,Contact,228.1433107,228.5315193,0.3882086,-25.43020277,3932,16.384,0.017476267,6
364,415,Contact,228.6367347,229.0503401,0.4136054,-88.90066693,4442,19.27529412,0.0243435,6
364,416,Contact,229.1628118,229.5945578,0.431746,-98.47098444,4442,18.20444444,0.019056471,5
364,417,Contact,229.7324263,230.1678005,0.4353742,-132.3929262,4250,18.20444444,0.019075118,7
364,418,Contact,230.8390023,231.2417234,0.4027211,-124.9409026,3558,15.22047059,0.024566313,5
364,419,Contact,231.3034014,231.753288,0.4498866,35.103747,3882,13.61831579,0.021836722,5
364,420,Contact,232.5043084,232.8707483,0.3664399,-74.86764786,3558,17.47626667,0.027843786,5
364,421,Contact,233.0049887,233.4294785,0.4244898,44.35856004,3713,10.72538889,0.011355882,4
364,422,Contact,233.5129252,233.9845805,0.4716553,36.17342351,3770,16.21135,0.024128158,5
364,423,Contact,235.2783673,235.604898,0.3265307,-127.9656237,3403,13.80035714,0.010082462,4
364,424,Contact,235.7812245,236.1240816,0.3428571,-112.8366356,3558,13.80085714,0.020165462,4
364,425,Contact,236.2742857,236.6955102,0.4212245,-61.80979195,3720,10.92266667,0.019066,4
364,426,Contact,236.8228571,237.2506122,0.4277551,-33.34234468,3558,10.734,0.019266176,4
364,427,Contact,237.364898,237.7567347,0.3918367,-15.79468945,3558,12.2884375,0.025987533,5
364,428,Contact,237.9689796,238.4097959,0.4408163,-93.83830063,3720,10.92227778,0.015211353,4
364,429,Contact,238.4979592,238.9322449,0.4342857,17.93143579,3720,10.92266667,0.015420235,4
364,430,Contact,239.0334694,239.4840816,0.4506122,-35.97905726,3770,13.79442105,0.021845333,5
364,431,Contact,239.595102,240.0163265,0.4212245,15.85458101,3720,10.734,0.023121235,5
364,432,Contact,240.1371429,240.5420408,0.4048979,33.97206065,3720,11.34676471,0.012288,5
364,433,Pleasure,286.1003175,286.2628571,0.1625396,423.3329604,7,0.036571429,8.53E-05,5
364,434,Pleasure,287.2380952,287.3853968,0.1473016,239.1898088,0,0,0,5
364,435,Pleasure,295.2939683,295.4220408,0.1280725,297.1547499,0,0,0,6
364,436,Pleasure,295.7616327,295.8857143,0.1240816,279.2246073,0,0,0,8
364,437,Pleasure,296.1012245,296.2187755,0.117551,300.5322712,0,0,0,8
364,438,Pleasure,296.5910204,296.724898,0.1338776,343.1778763,50,0.01,6.40E-05,10
364,439,Pleasure,306.3212698,306.504127,0.1828572,329.2071956,57,0.043714286,8.53E-05,11
364,440,Pleasure,306.7631746,306.9003175,0.1371429,253.2076682,7,0.0498,6.40E-05,8
364,441,Pleasure,307.0780952,307.2203175,0.1422223,349.7174441,0,0,0,8
364,442,Pleasure,307.5149206,307.631746,0.1168254,234.0824319,7,0.0014,1.75E-06,10
364,443,Pleasure,307.8044444,307.9365079,0.1320635,263.889949,0,0,0,10
364,444,Pleasure,308.6222222,308.7339683,0.1117461,302.7487314,0,0,0,13
364,445,Pleasure,308.9625397,309.12,0.1574603,295.3667671,0,0,0,5
364,446,Pleasure,309.7287982,309.844898,0.1160998,364.7183106,7,0.0498,1.75E-06,3
364,447,Pleasure,310.0226757,310.1496599,0.1269842,394.9569896,0,0,0,3
364,448,Pleasure,310.5124717,310.6394558,0.1269841,354.1363687,0,0,0,5
364,449,Pleasure,310.7845805,310.9442177,0.1596372,296.3063935,7,0.001166667,1.40E-06,3
364,450,Pleasure,311.6444444,311.7968254,0.152381,368.9050759,0,0,0,4
364,451,Pleasure,313.538322,313.661678,0.123356,339.8086666,7,0.0512,6.58E-05,6
364,452,Pleasure,313.8575964,313.970068,0.1124716,434.3739892,7,0.06225,8.53E-05,6
364,453,Pleasure,314.1623583,314.2893424,0.1269841,247.1198398,14,0.0498,0.00012625,10
364,454,Pleasure,337.0920635,337.2408163,0.1487528,329.8662203,0,0,0,5
364,455,Pleasure,337.538322,337.6761905,0.1378685,392.0074077,0,0,0,8
364,456,Pleasure,337.8721088,338.0208617,0.1487529,281.1385854,7,0.0415,5.12E-05,9
367,457,Pleasure,13.62721088,13.75782313,0.13061225,304.4539383,7,0.0498,6.40E-05,4
367,458,Pleasure,13.95809524,14.09741497,0.13931973,298.0171428,7,0.0415,5.12E-05,4
367,459,Pleasure,14.4370068,14.52843537,0.09142857,400.8078372,0,0,0,8
367,460,Pleasure,14.71564626,14.8244898,0.10884354,289.3037052,0,0,0,5
367,461,Pleasure,15.17278912,15.2859864,0.11319728,300.5174974,0,0,0,6
367,462,Pleasure,15.52544218,15.64734694,0.12190476,323.2841156,0,0,0,8
367,463,Pleasure,16.37877551,16.49197279,0.11319728,314.4404298,0,0,0,8
367,464,Pleasure,17.07102041,17.19727891,0.1262585,381.0522179,0,0,0,4
367,465,Pleasure,17.45414966,17.54993197,0.09578231,270.1065316,57,0.01425,8.53E-05,8
367,466,Pleasure,17.79809524,17.90258503,0.10448979,344.7850396,7,0.06225,8.53E-05,7
367,467,Pleasure,37.28108844,37.4029932,0.12190476,320.8348444,0,0,0,4
368,468,Pleasure,388.5220862,388.6614059,0.1393197,331.9934985,0,0,0,10
368,469,Pleasure,391.0588662,391.2039909,0.1451247,380.2326621,7,0.001166667,5.12E-05,3
368,470,Pleasure,391.7148299,391.8715646,0.1567347,441.8727192,7,0.0415,5.12E-05,5
368,471,Pleasure,392.4230385,392.5739683,0.1509298,376.3948172,7,0.001166667,5.12E-05,4
368,472,Pleasure,393.1660771,393.3170068,0.1509297,367.8236424,7,0.042666667,5.26E-05,4
368,473,Contact,410.5694331,410.8074376,0.2380045,-369.6666507,3968,19.6586,0.021520333,6
368,474,Contact,410.8945125,411.1789569,0.2844444,-325.2112081,4080,11.17191667,0.011926909,5
368,475,Contact,412.0130612,412.2971429,0.2840817,-274.8856843,3889,16.61083333,0.017873455,7
368,476,Contact,412.3493878,412.6628571,0.3134693,-213.4695045,4300,25.42892308,0.021845333,7
368,477,Contact,412.7346939,413.0514286,0.3167347,-242.7525273,4329,25.21276923,0.026961833,6
368,478,Contact,413.1134694,413.5085714,0.395102,-298.5759902,4250,15.42023529,0.016384,6
368,479,Contact,413.7567347,414.0538776,0.2971429,-364.4159964,4066,21.84533333,0.017873455,6
368,480,Contact,414.1093878,414.4261224,0.3167346,-293.4558636,4243,20.16492308,0.027306667,6
368,481,Contact,414.4783673,414.837551,0.3591837,-182.1415303,4250,21.84533333,0.023405714,6
368,482,Contact,414.88,415.2130612,0.3330612,-218.8504401,4250,18.72407143,0.020164923,6
368,483,Contact,415.6277551,415.9804082,0.3526531,-216.4104561,3558,21.8458,0.009362786,6
368,484,Contact,416.0293878,416.4538776,0.4244898,-290.8225728,3558,14.56316667,0.011565176,5
368,485,Contact,417.6261224,417.9591837,0.3330613,-312.0636456,3255,14.04342857,0.015123692,6
368,486,Contact,418.0212245,418.3738776,0.3526531,-260.3810787,4066,17.47626667,0.018724571,6
368,487,Contact,419.1444898,419.4514286,0.3069388,-256.5570441,3932,20.16823077,0.021517667,6
368,488,Contact,419.5232653,419.8661224,0.3428571,-253.2155292,3939,23.12842857,0.020164923,7
368,489,Contact,419.9379592,420.2906122,0.352653,-279.9604745,3932,17.4796,0.023405714,7
368,490,Contact,420.3330612,420.6334694,0.3004082,-196.4380302,3889,21.54883333,0.029774364,8
368,491,Contact,420.7444898,421.0808163,0.3363265,-288.1305918,4066,14.04392857,0.025206154,8
368,492,Contact,421.1526531,421.4269388,0.2742857,-228.1998848,4066,23.83063636,0.0323798,8
368,493,Contact,423.7061224,423.9346939,0.2285715,-130.423414,3882,28.69577778,0.02417,7
368,494,Contact,424.0293878,424.3461224,0.3167346,-178.3559913,3889,14.83807692,0.021831833,6
368,495,Contact,424.3885714,424.6889796,0.3004082,-41.56762471,3889,21.53533333,0.017873455,6
368,496,Contact,425.3518367,425.5706122,0.2187755,-201.7443266,3770,21.85166667,0.031941875,7
368,497,Contact,425.8057143,426.0865306,0.2808163,-227.0853853,3713,16.08808333,0.023831273,5
368,498,Contact,426.1812245,426.4685714,0.2873469,-126.8897795,3720,21.84533333,0.029167909,7
368,499,Contact,426.5371429,426.8310204,0.2938775,-183.371096,4243,27.02366667,0.029506727,7
430,500,Pleasure,133.877551,134.0734694,0.1959184,6.947485502,7,0.032,7.31E-05,12
430,501,Pleasure,134.2171429,134.4261224,0.2089795,76.45199759,748,0.083111111,0.008192,6
430,502,Pleasure,134.5502041,134.7265306,0.1763265,12.35424511,7,0.035571429,4.27E-05,15
430,503,Pleasure,134.8179592,134.9485714,0.1306122,116.2437532,7,0.0014,6.40E-05,18
430,504,Pleasure,140.5431293,140.6868027,0.1436734,33.11906664,0,0,0,5
430,505,Pleasure,140.7542857,140.917551,0.1632653,80.92828705,0,0,0,9
430,506,Pleasure,141.4922449,141.6359184,0.1436735,103.0138935,7,0.042666667,0.000101,13
430,507,Pleasure,142.8114286,142.9681633,0.1567347,75.99094432,0,0,0,11
430,508,Pleasure,152.2808163,152.4179592,0.1371429,86.05809159,0,0,0,16
430,509,Pleasure,152.4941497,152.6465306,0.1523809,114.1337402,7,0.001166667,5.12E-05,7
430,510,Pleasure,152.7161905,152.8620408,0.1458503,112.8111861,7,0.001166667,5.12E-05,4
430,511,Pleasure,168.5420408,168.6857143,0.1436735,34.29136696,36,0.0475,5.12E-05,12
430,512,Pleasure,168.724898,168.8685714,0.1436734,83.74774756,7,0.001166667,5.12E-05,9
430,513,Pleasure,168.9469388,169.0688435,0.1219047,83.74384882,7,0.0498,6.40E-05,13
430,514,Pleasure,169.162449,169.2995918,0.1371428,23.07234685,7,0.0014,6.40E-05,13
430,515,Pleasure,169.6718367,169.8002721,0.1284354,45.26300411,358,13.0356,0.016384,17
430,516,Pleasure,170.2138776,170.3706122,0.1567346,97.48687524,0,0,0,9
430,517,Pleasure,170.644898,170.8103401,0.1654421,46.06449668,7,0.035571429,4.27E-05,14
430,518,Pleasure,170.9061224,171.0715646,0.1654422,51.09068979,7,0.001,4.15E-05,10
430,519,Pleasure,172.6171429,172.7782313,0.1610884,139.4339743,7,0.0415,5.12E-05,9
430,520,Pleasure,173.1787755,173.3311565,0.152381,106.5937945,0,0,0,12
430,521,Pleasure,173.7208163,173.8797279,0.1589116,63.06207955,7,0.001166667,5.12E-05,7
430,522,Pleasure,173.995102,174.1496599,0.1545579,118.8959995,7,0.001166667,5.12E-05,11
430,523,Pleasure,174.282449,174.4326531,0.1502041,108.9579739,7,0.0415,5.12E-05,6
430,524,Pleasure,174.517551,174.6634014,0.1458504,123.4339881,777,10.919,0.0131072,18
430,525,Pleasure,175.1444898,175.2685714,0.1240816,67.5607777,0,0,0,7
430,526,Pleasure,175.4057143,175.5602721,0.1545578,168.1510714,354,10.9805,0.013178,14
430,527,Pleasure,175.6408163,175.7997279,0.1589116,84.91897143,7,0.001166667,5.12E-05,5
430,528,Pleasure,179.4742857,179.6136054,0.1393197,41.04885211,748,21.72066667,0.0132554,15
430,529,Pleasure,182.0952381,182.2302041,0.134966,49.85737393,7,0.0498,1.75E-06,10
430,530,Pleasure,182.3521088,182.4914286,0.1393198,127.8047752,7,0.001166667,5.12E-05,4
430,531,Pleasure,202.8146939,202.9540136,0.1393197,88.21241685,7,0.0415,5.12E-05,18
430,532,Pleasure,203.0236735,203.1673469,0.1436734,79.77357752,0,0,0,4
430,533,Pleasure,203.2391837,203.367619,0.1284353,52.36074932,0,0,0,11
430,534,Pleasure,203.6440816,203.7986395,0.1545579,87.51891532,0,0,0,7
430,535,Pleasure,204.6563265,204.7477551,0.0914286,41.86813708,0,0,0,11
430,536,Pleasure,206.0887075,206.2585034,0.1697959,23.82684499,0,0,0,10
430,537,Pleasure,207.8497959,208.0261224,0.1763265,125.2341632,0,0,0,5
430,538,Pleasure,208.2416327,208.4266667,0.185034,60.80514285,372,0.053142857,0.0109835,12
430,539,Pleasure,210.5534694,210.7515646,0.1980952,129.8707561,7,0.032,7.31E-05,15
430,540,Pleasure,211.1281633,211.284898,0.1567347,27.48373686,7,0.001166667,5.12E-05,11
430,541,Pleasure,213.3812245,213.5466667,0.1654422,18.49616984,57,0.065,8.53E-05,10
430,542,Pleasure,213.642449,213.8078912,0.1654422,111.3618262,7,0.035571429,4.27E-05,3
430,543,Pleasure,219.8029932,219.924898,0.1219048,80.99349807,0,0,0,10
430,544,Pleasure,219.9989116,220.1730612,0.1741496,187.6876635,755,0.107857143,0.000125833,11
430,545,Pleasure,220.2557823,220.429932,0.1741497,164.5803078,7,0.035571429,1.17E-06,7
430,546,Pleasure,220.5191837,220.6563265,0.1371428,144.8287357,304,13.1666,0.01646,21
430,547,Pleasure,227.2653061,227.4263946,0.1610885,139.5059948,7,0.001166667,5.12E-05,8
430,548,Pleasure,227.4808163,227.604898,0.1240817,172.9164358,0,0,0,9
430,549,Pleasure,227.722449,227.857415,0.134966,54.8618558,0,0,0,7
430,550,Pleasure,229.8862585,230.0386395,0.152381,122.8393253,7,0.001166667,5.12E-05,13
430,551,Pleasure,232.8032653,232.9730612,0.1697959,172.6099675,0,0,0,5
430,552,Pleasure,234.0527891,234.2138776,0.1610885,120.2205698,22,0.003666667,5.12E-05,14
430,553,Pleasure,266.122449,266.24,0.117551,93.55416222,14,0.0028,6.40E-05,14
431,554,Pleasure,14.6031746,14.78530612,0.18213152,146.7507065,0,0,0,18
431,555,Pleasure,14.90721088,15.03492064,0.12770976,96.12072705,372,13.0342,0.016477,17
431,556,Pleasure,15.38612245,15.51238095,0.1262585,162.7537627,7,0.0498,6.40E-05,4
431,557,Pleasure,17.77777778,17.95047619,0.17269841,99.45218368,14,0.034571429,4.03E-05,11
431,558,Pleasure,18.4431746,18.5752381,0.1320635,101.0766278,0,0,0,11
431,559,Pleasure,44.89578231,44.99809524,0.10231293,132.3166852,7,0.00175,8.30E-05,13
431,560,Pleasure,45.17079365,45.28253968,0.11174603,38.15904684,0,0,0,9
431,561,Pleasure,45.47918367,45.62793651,0.14875284,131.6331328,14,0.083,0.0001024,10
431,562,Pleasure,46.4,46.5168254,0.1168254,176.3182984,7,0.0498,6.40E-05,4
431,563,Pleasure,46.79401361,46.89777778,0.10376417,99.45605088,0,0,0,7
431,564,Pleasure,47.36870748,47.50802721,0.13931973,164.0303676,7,0.0415,5.12E-05,5
431,565,Pleasure,48.10884354,48.24380952,0.13496598,142.2750379,7,0.0498,6.40E-05,14
431,566,Pleasure,92.46476191,92.59174603,0.12698412,173.2229575,7,0.0512,0.000128,15
431,567,Pleasure,92.78476191,92.9262585,0.14149659,131.266585,14,0.083,0.000101,10
431,568,Pleasure,93.10911565,93.23102041,0.12190476,127.4214984,0,0,0,7
431,569,Pleasure,93.42258503,93.56190476,0.13931973,45.89425295,50,0.034333333,1.00E-05,12
431,570,Pleasure,93.75346939,93.92761905,0.17414966,142.6450867,0,0,0,4
431,571,Pleasure,94.11918367,94.28825397,0.1690703,166.5332465,50,0.037571429,8.53E-05,16
431,572,Pleasure,94.48489796,94.6677551,0.18285714,99.51596818,43,0.030428571,4.27E-05,15
431,573,Pleasure,95.79972789,95.93034014,0.13061225,92.96313167,755,0.151,0.00018875,12
431,574,Pleasure,102.831746,102.9688889,0.1371429,109.7145851,0,0,0,4
431,575,Pleasure,103.3491156,103.4869841,0.1378685,63.51800966,22,0.0468,6.40E-05,13
431,576,Pleasure,103.6190476,103.7714286,0.152381,203.7450256,0,0,0,7
431,577,Pleasure,104.1153742,104.264127,0.1487528,79.05674315,7,0.001166667,5.12E-05,9
431,578,Pleasure,106.7972789,106.9561905,0.1589116,131.1187018,0,0,0,7
431,579,Pleasure,107.4184127,107.5453968,0.1269841,118.6350522,7,0.0498,6.23E-05,6
431,580,Pleasure,121.0565079,121.2088889,0.152381,94.90256171,14,0.040333333,5.12E-05,13
431,581,Pleasure,121.347483,121.488254,0.140771,108.0818962,7,0.042666667,0.000101,13
431,582,Pleasure,121.8438095,122.0266667,0.1828572,149.335926,0,0,0,3
431,583,Pleasure,122.2965986,122.4881633,0.1915647,142.1968427,43,0.0275,7.31E-05,17
433,584,Pleasure,281.6965079,281.8031746,0.1066667,100.1897188,43,0.05325,1.43E-05,13
433,585,Pleasure,282.6920635,282.8292063,0.1371428,144.2340142,36,0.044,9.00E-06,8
433,586,Pleasure,287.04,287.1822222,0.1422222,124.5498884,0,0,0,9
433,587,Pleasure,289.2292063,289.3714286,0.1422223,58.43272278,7,0.001166667,5.12E-05,9
433,588,Pleasure,292.6526984,292.8203175,0.1676191,141.790456,7,0.036571429,4.38E-05,10
433,589,Pleasure,300.1193651,300.2463492,0.1269841,114.4371984,7,0.0498,6.40E-05,6
433,590,Pleasure,313.2038095,313.3511111,0.1473016,84.23278409,7,0.001166667,5.12E-05,16
434,591,Contact,361.0565079,361.4069841,0.3504762,-14.27635707,3777,8.958933333,0.013773643,6
434,592,Contact,361.655873,362.031746,0.375873,-74.23628602,3763,12.288,0.0131072,5
434,593,Contact,362.1739683,362.5701587,0.3961904,-41.51764587,3770,11.566,0.02048,5
434,594,Contact,362.712381,363.0831746,0.3707936,-10.60072422,3770,13.1072,0.023405714,5
434,595,Contact,364.2057143,364.5714286,0.3657143,34.14459464,3939,21.84293333,0.018445286,6
434,596,Contact,364.6577778,365.0438095,0.3860317,39.16658508,3939,20.4795625,0.025952267,5
434,597,Contact,365.1707937,365.551746,0.3809523,-9.903891253,3939,20.48,0.025952267,6
434,598,Contact,365.6431746,366.0038095,0.3606349,-59.16929951,3932,17.47626667,0.018443714,7
434,599,Contact,366.0596825,366.455873,0.3961905,9.847280357,3939,11.60958824,0.01643075,5
434,600,Contact,366.608254,366.9942857,0.3860317,-48.93589265,3763,16.384,0.017476267,6
434,601,Contact,378.2095238,378.4787302,0.2692064,-29.11472305,3770,11.91563636,0.0196608,7
434,602,Contact,378.6260317,378.9206349,0.2946032,3.967418227,3608,16.65883333,0.029789091,7
434,603,Contact,379.0628571,379.352381,0.2895239,-52.61791146,3460,10.92383333,0.023531455,8
434,604,Contact,379.4844444,379.8095238,0.3250794,-4.046297513,3453,18.72457143,0.025206154,7
434,605,Contact,379.8806349,380.2006349,0.32,-115.498376,3770,25.20615385,0.016384583,7
434,606,Contact,380.312381,380.6069841,0.2946031,-153.7982805,3453,10.92325,0.023544364,6
434,607,Contact,380.7898413,381.1098413,0.32,-79.5277762,3601,15.12369231,0.021845333,6
434,608,Contact,381.2419048,381.5568254,0.3149206,-101.1789719,3770,20.16546154,0.02184475,5
434,609,Contact,381.7498413,382.1206349,0.3707936,-98.50239842,3763,17.47626667,0.018724571,5
434,610,Contact,382.2374603,382.567619,0.3301587,-118.5068227,3770,14.04392857,0.015123692,6
434,611,Contact,382.7047619,383.0349206,0.3301587,-115.4082746,3770,14.04392857,0.024916154,6
434,612,Contact,383.151746,383.5174603,0.3657143,-122.5877688,3939,17.47813333,0.02315,6
434,613,Contact,383.6292063,383.9593651,0.3301588,-48.89310569,3939,23.40521429,0.020164923,6
434,614,Contact,384.0965079,384.4520635,0.3555556,-22.73028342,3763,17.47626667,0.023405714,6
434,615,Contact,384.5739683,384.9396825,0.3657142,-99.79588244,3453,13.1072,0.023405714,6
434,616,Contact,385.127619,385.5136508,0.3860318,-29.48871604,3608,12.2884375,0.0131072,6
434,617,Contact,391.8069841,392.111746,0.3047619,-99.78565738,3939,20.16546154,0.021845333,6
434,618,Contact,392.2488889,392.5536508,0.3047619,-66.30899014,3939,25.20561538,0.027306667,5
434,619,Contact,392.7415873,393.0666667,0.3250794,-132.6175994,3932,18.72457143,0.020164923,5
434,620,Contact,393.2901587,393.6101587,0.32,-31.88932008,3939,20.19215385,0.021845333,7
434,621,Contact,393.7473016,394.0622222,0.3149206,-99.69988298,3939,20.16438462,0.021845333,6
434,622,Contact,394.2298413,394.5549206,0.3250793,-50.45403164,3939,23.40571429,0.020164923,5
434,623,Contact,394.8342857,395.1593651,0.3250794,15.4296991,3939,18.72507143,0.020164923,7
434,624,Contact,395.367619,395.7028571,0.3352381,-94.57081173,3932,18.72457143,0.020164923,6
434,625,Contact,395.8806349,396.1650794,0.2844445,-105.5589518,3608,10.92266667,0.017873455,7
434,626,Contact,403.7384127,404.0025397,0.264127,-79.64462678,3770,11.91627273,0.0196608,7
434,627,Contact,404.1498413,404.4698413,0.32,-8.462315923,3763,10.08246154,0.016384,5
434,628,Contact,404.591746,404.9371429,0.3453969,-12.13531458,3770,14.07085714,0.020195,8
434,629,Contact,412.6628571,412.9828571,0.32,-81.55988034,3453,15.12315385,0.021845333,6
434,630,Contact,413.2012698,413.5415873,0.3403175,-49.00393683,3601,14.04342857,0.015123692,7
434,631,Contact,413.7092063,414.0393651,0.3301588,-74.6638598,3453,9.361785714,0.015123692,5
434,632,Contact,414.1968254,414.5066667,0.3098413,-96.13901286,3763,15.12315385,0.021845333,7
434,633,Contact,414.6590476,415.0044444,0.3453968,-5.342320291,3763,18.72457143,0.020164923,6
434,634,Contact,415.1974603,415.5377778,0.3403175,-7.833336448,3453,9.361785714,0.010082462,6
434,635,Contact,415.7460317,416.1066667,0.360635,57.52059351,3763,17.2254,0.009362286,5
434,636,Contact,416.4622222,416.8228571,0.3606349,-49.32759418,3615,13.10813333,0.014043429,6
434,637,Contact,417.0107937,417.3460317,0.335238,-11.38793245,3763,18.72407143,0.024917231,7
434,638,Contact,417.4577778,417.8285714,0.3707936,-37.19447702,3770,13.10673333,0.018724071,5
434,639,Contact,418.2095238,418.5498413,0.3403175,19.04943034,3608,14.04392857,0.015123692,5
434,640,Contact,418.7225397,419.088254,0.3657143,-12.48214282,3770,17.47673333,0.023136429,6
435,641,Pleasure,86.65396825,86.81941043,0.16544218,76.76807433,0,0,0,3
435,642,Pleasure,106.7189116,106.8640363,0.1451247,73.01840948,7,0.001166667,5.12E-05,5
435,643,Pleasure,107.3197279,107.4851701,0.1654422,60.65265172,14,0.034571429,2.33E-06,7
435,644,Pleasure,110.6721088,110.8404535,0.1683447,83.96207951,7,0.001,4.27E-05,5
435,645,Pleasure,123.5824036,123.7391383,0.1567347,138.0289703,0,0,0,4
435,646,Pleasure,134.0691156,134.2461678,0.1770522,95.68092785,0,0,0,3
435,647,Pleasure,141.9319728,142.1177324,0.1857596,98.10579618,0,0,0,4
435,648,Pleasure,142.7504762,142.9072109,0.1567347,63.83242501,0,0,0,6
435,649,Pleasure,148.8863492,149.0663039,0.1799547,68.25972351,43,0.031428571,8.53E-05,8
435,650,Pleasure,149.4726531,149.6468027,0.1741496,90.17928529,755,9.362285714,0.010922667,13
435,651,Pleasure,151.3882993,151.5798639,0.1915646,133.4522949,50,0.032875,3.66E-05,15
435,652,Pleasure,151.7453061,151.8991383,0.1538322,128.9512834,7,0.0415,4.98E-05,6
435,653,Pleasure,160.6995011,160.9142857,0.2147846,42.14638267,7,0.000777778,3.20E-05,14
435,654,Pleasure,162.9953742,163.1898413,0.1944671,123.2685271,0,0,0,5
435,655,Pleasure,169.7726984,169.9584581,0.1857597,26.25655647,29,0.003625,3.24E-05,8
435,656,Pleasure,207.9695238,208.1262585,0.1567347,130.0681712,0,0,0,2
435,657,Contact,310.6031746,310.8716553,0.2684807,-109.8306738,3608,17.87409091,0.0196608,8
435,658,Contact,311.2852608,311.5029478,0.217687,-56.85818059,0,0,0,11
435,659,Contact,315.7478458,316.0018141,0.2539683,-39.44432716,7,0.0007,2.84E-05,7
435,660,Contact,317.2643991,317.5256236,0.2612245,-63.8692495,3601,11.91563636,0.0196608,6
435,661,Contact,317.7433107,317.9972789,0.2539682,-46.63317118,3770,6.555,0.014564333,12
435,662,Contact,318.5487528,318.8390023,0.2902495,-49.73438208,3608,5.4625,0.005958455,9
435,663,Contact,318.9043084,319.230839,0.3265306,-55.47702245,3608,23.40471429,0.020164923,11
436,664,Pleasure,18.8429932,19.03310658,0.19011338,111.1687942,7,0.032,7.31E-05,10
436,665,Pleasure,30.93768708,31.08571429,0.14802721,187.2184093,14,0.002333333,5.26E-05,5
436,666,Pleasure,36.91755102,37.10476191,0.18721089,11.22856208,7,0.031125,3.66E-05,5
436,667,Pleasure,37.12507937,37.30793651,0.18285714,73.07483977,7,0.035571429,4.15E-05,6
436,668,Pleasure,37.86666667,38.01396825,0.14730158,124.4492068,29,0.046333333,5.70E-05,15
436,669,Pleasure,38.48126984,38.63365079,0.15238095,135.7757721,7,0.001166667,5.12E-05,9
436,670,Pleasure,39.41877551,39.5784127,0.15963719,52.51439606,0,0,0,5
436,671,Pleasure,40.08054422,40.26340136,0.18285714,26.14309398,7,0.035571429,4.15E-05,9
436,672,Pleasure,40.77714286,40.88380952,0.10666666,133.9149187,0,0,0,17
436,673,Pleasure,41.26476191,41.43020408,0.16544217,97.2423032,0,0,0,8
436,674,Pleasure,74.31619048,74.46857143,0.15238095,6.257528871,50,0.008333333,5.98E-05,12
436,675,Pleasure,74.73632653,74.88507937,0.14875284,75.84727055,14,0.083,0.0001024,7
436,676,Pleasure,75.17968254,75.32698413,0.14730159,90.54417464,0,0,0,8
436,677,Pleasure,76.86603175,77.03873016,0.17269841,90.75774204,0,0,0,4
436,678,Pleasure,77.59746032,77.73968254,0.14222222,57.12761956,0,0,0,3
436,679,Pleasure,90.64126984,90.82920635,0.18793651,146.7746395,14,0.06225,0.000109714,13
436,680,Pleasure,91.02802721,91.14993197,0.12190476,32.42525617,0,0,0,3
436,681,Pleasure,93.70993197,93.84634921,0.13641724,110.5682552,0,0,0,6
436,682,Pleasure,94.4152381,94.55746032,0.14222222,96.60545172,0,0,0,4
436,683,Pleasure,94.91156463,95.0770068,0.16544217,182.6303008,14,0.034571429,4.03E-05,9
436,684,Pleasure,95.16408163,95.30920635,0.14512472,139.1720136,7,0.0415,5.12E-05,6
436,685,Pleasure,95.99129252,96.13931973,0.14802721,42.21914508,7,0.001166667,5.12E-05,8
436,686,Pleasure,96.27428571,96.4368254,0.16253969,79.59631411,7,0.001,4.15E-05,3
436,687,Pleasure,96.78222222,96.97015873,0.18793651,23.16046412,0,0,0,5
436,688,Pleasure,114.7646259,114.9053968,0.1407709,72.49619483,7,0.0415,1.40E-06,5
436,689,Pleasure,117.2469841,117.4552381,0.208254,24.78717689,22,0.033875,7.00E-05,9
436,690,Pleasure,117.6032653,117.7803175,0.1770522,110.0353074,7,0.035571429,4.15E-05,3
436,691,Pleasure,177.0579592,177.2647619,0.2068027,47.18138601,0,0,0,6
436,692,Pleasure,177.6587755,177.8234921,0.1647166,94.10883503,0,0,0,7
436,693,Pleasure,177.92,178.087619,0.167619,68.47220672,3027,18.72257143,0.010926167,17
436,694,Pleasure,178.3379592,178.504127,0.1661678,82.29315063,2896,18.72771429,0.032768,11
436,695,Pleasure,178.6514286,178.7784127,0.1269841,70.33705862,7,0.0014,6.23E-05,5
436,696,Pleasure,179.2522449,179.3828571,0.1306122,93.48290225,0,0,0,7
436,697,Pleasure,179.6005442,179.7572789,0.1567347,110.5036837,0,0,0,5
436,698,Pleasure,179.8704762,180.0097959,0.1393197,160.6706474,7,0.001166667,5.12E-05,3
436,699,Pleasure,180.8609524,181.0459864,0.185034,61.31170601,7,0.001,4.27E-05,5
436,700,Pleasure,185.071746,185.2698413,0.1980953,112.7900587,7,0.032,7.21E-05,9
436,701,Pleasure,185.4273016,185.6050794,0.1777778,164.1447224,3034,9.364285714,0.010922667,13
436,702,Pleasure,200.7161905,200.8990476,0.1828571,175.1902504,7,0.001,4.27E-05,5
436,703,Pleasure,203.0759184,203.2304762,0.1545578,112.4685809,0,0,0,4
436,704,Pleasure,203.9379592,204.1193651,0.1814059,90.88508325,0,0,0,8
436,705,Pleasure,204.5736054,204.7492063,0.1756009,112.6716333,7,0.035571429,4.15E-05,6
436,706,Pleasure,204.8957823,205.0539683,0.158186,82.59747109,7,0.001166667,5.12E-05,4
436,707,Pleasure,210.3118367,210.4533333,0.1414966,123.6010695,7,0.0415,4.98E-05,8
436,708,Pleasure,211.0780952,211.2355556,0.1574604,114.6597383,7,0.001166667,5.12E-05,13
436,709,Pleasure,211.452517,211.6063492,0.1538322,105.5638785,7,0.001166667,5.12E-05,7
436,710,Pleasure,214.5930159,214.770068,0.1770521,81.94672502,7,0.035571429,4.27E-05,9
436,711,Pleasure,216.3098413,216.4571429,0.1473016,61.53601666,372,10.86066667,0.0131072,19
436,712,Pleasure,216.7553742,216.8990476,0.1436734,90.26283358,7,0.0415,5.12E-05,4
436,713,Pleasure,217.2190476,217.3815873,0.1625397,103.7514444,7,0.036571429,8.53E-05,9
436,714,Contact,141.7012245,142.0117914,0.3105669,-42.12094029,4307,25.20776923,0.032134833,9
436,715,Contact,142.1714286,142.4979592,0.3265306,9.025248667,3601,14.04342857,0.020164923,5
436,716,Contact,142.6285714,142.9768707,0.3482993,-10.64511368,4492,21.54586667,0.018724571,5
436,717,Contact,143.0530612,143.3759637,0.3229025,-135.3557333,4492,15.12315385,0.021845333,8
436,718,Contact,143.5102041,143.8839002,0.3736961,66.93117535,3601,12.2906875,0.017476267,6
436,719,Contact,144.0290249,144.3628118,0.3337869,25.57180351,3608,14.04342857,0.025206154,5
436,720,Contact,144.4789116,144.8199546,0.341043,-5.499952633,4485,18.72407143,0.020164923,5
436,721,Contact,144.9433107,145.3061224,0.3628117,-43.49044537,3763,13.1072,0.023405714,6
436,722,Contact,145.4222222,145.7487528,0.3265306,-121.8073093,4485,18.72407143,0.020165462,9
436,723,Contact,145.8285714,146.2058957,0.3773243,21.78723718,3770,12.2884375,0.017476267,6
436,724,Contact,146.2741043,146.6557823,0.381678,-27.18865091,3601,12.288,0.0172564,7
436,725,Contact,254.0843537,254.3746032,0.2902495,-49.27850823,7,0.021333333,4.59E-05,8
436,726,Contact,254.614059,254.8752834,0.2612244,-43.34689067,3939,17.87345455,0.0196608,10
436,727,Contact,255.0712018,255.3396825,0.2684807,-56.93612511,3946,11.91690909,0.0192662,10
436,728,Contact,255.4840816,255.7678005,0.2837189,-32.78845057,3939,16.38341667,0.023831273,7
436,729,Contact,255.9542857,256.2539683,0.2996826,-84.36579962,3939,10.92325,0.017515364,9
436,730,Contact,256.4702041,256.7764172,0.3062131,-87.92953416,3932,15.127,0.021845333,12
436,731,Contact,256.8707483,257.1464853,0.275737,-55.14139255,3446,11.91954545,0.0193353,10
436,732,Contact,257.2988662,257.6108844,0.3120182,-88.54909976,14,0.020230769,2.25E-05,8
436,733,Contact,270.7011338,271.0276644,0.3265306,-133.7601435,3446,4.681142857,0.005041231,7
436,734,Contact,271.2018141,271.5921995,0.3903854,-71.53697538,3770,12.2875625,0.0174758,7
436,735,Contact,271.7460317,272.0580499,0.3120182,-72.92710435,3932,10.08246154,0.010922667,7
436,736,Contact,272.2220408,272.522449,0.3004082,-91.86087521,7,0.02075,2.33E-05,7
436,737,Contact,272.8344671,273.1464853,0.3120182,-84.1378948,7,0.019692308,2.19E-05,8
436,738,Contact,273.391746,273.7197279,0.3279819,-113.3338415,3763,9.362285714,0.015123692,6
436,739,Contact,273.8648526,274.2204082,0.3555556,-104.9099837,4116,8.739066667,0.018724571,6
436,740,Contact,274.3292517,274.6920635,0.3628118,22.23705256,4109,17.47626667,0.023124857,5
436,741,Contact,274.7559184,275.0693878,0.3134694,9.79703115,3932,15.12369231,0.021845333,5
436,742,Contact,275.2522449,275.599093,0.3468481,5.835301365,3770,9.361785714,0.015123692,5
436,743,Contact,275.7159184,276.0054422,0.2895238,-87.72047168,3608,21.84416667,0.017874091,8
436,744,Contact,276.1338776,276.4843537,0.3504761,-103.7307563,3777,17.47533333,0.018724571,7
436,745,Contact,276.614966,276.9777778,0.3628118,-132.3195055,4293,21.84533333,0.028086857,6
436,746,Contact,277.8267574,278.1968254,0.370068,-46.04651688,4485,13.1072,0.014043429,7
436,747,Contact,280.9266213,281.2444444,0.3178231,-113.7547415,4109,15.12369231,0.021502917,7
436,748,Contact,281.3910204,281.7625397,0.3715193,-23.6102842,4116,12.2884375,0.0131072,5
436,749,Contact,282.6739229,282.9931973,0.3192744,-130.847668,4116,20.16438462,0.021845333,7
436,750,Contact,283.1020408,283.4285714,0.3265306,-47.00387184,3453,14.04342857,0.030247385,6
436,751,Contact,283.5809524,283.8857143,0.3047619,-68.17576578,4293,10.08192308,0.016384,8
436,752,Contact,289.1900227,289.538322,0.3482993,-41.350977,4123,17.47673333,0.027792357,5
436,753,Contact,289.7052154,290.0535147,0.3482993,-56.01496864,3932,17.47626667,0.028086857,6
436,754,Contact,290.1768707,290.4816327,0.304762,-91.03639576,4116,19.84884615,0.016384583,7
436,755,Contact,290.6485261,291.0040816,0.3555555,-168.5873575,3932,13.1072,0.014043429,5
436,756,Contact,291.1927438,291.5773243,0.3845805,-75.68881937,4116,12.288,0.017476267,6
436,757,Contact,291.7297052,292.1287982,0.399093,-119.9999289,4300,19.27570588,0.024575563,6
436,758,Contact,292.9632653,293.3115646,0.3482993,-87.95441883,3939,17.4758,0.014043429,6
436,759,Contact,293.4204082,293.7904762,0.370068,-123.6694782,3939,13.1072,0.014043429,6
436,760,Contact,293.877551,294.2911565,0.4136055,-73.01837231,4300,19.27570588,0.016148375,6
436,761,Contact,294.3854875,294.7773243,0.3918368,-67.25666887,4116,20.48,0.030582533,5
436,762,Contact,294.922449,295.2707483,0.3482993,-57.97553994,4514,17.47773333,0.027764429,7
437,763,Pleasure,129.6602268,129.8155102,0.1552834,20.05883012,0,0,0,4
437,764,Pleasure,146.2465306,146.3945578,0.1480272,117.0957374,0,0,0,7
437,765,Pleasure,146.6340136,146.7776871,0.1436735,55.9177215,7,0.0415,5.12E-05,4
437,766,Pleasure,164.7920181,164.9327891,0.140771,135.7015487,7,0.001166667,4.98E-05,6
437,767,Pleasure,174.3818594,174.5414966,0.1596372,66.08398307,0,0,0,12
437,768,Pleasure,222.2497959,222.4282993,0.1785034,82.94275965,7,0.036571429,8.53E-05,10
437,769,Pleasure,275.2087075,275.3785034,0.1697959,30.37079177,0,0,0,5
437,770,Pleasure,275.6266667,275.8051701,0.1785034,108.597352,0,0,0,3
437,771,Pleasure,305.6587755,305.7980952,0.1393197,104.2029595,0,0,0,3
437,772,Pleasure,306.3684354,306.5208163,0.1523809,56.43709891,7,0.0415,5.12E-05,10
437,773,Pleasure,308.2187755,308.4103401,0.1915646,114.0688269,7,0.031125,1.00E-06,7
437,774,Pleasure,419.5033107,419.705034,0.2017233,93.27818592,14,0.03025,3.46E-05,5
437,775,Pleasure,431.1829478,431.3643537,0.1814059,58.30400021,0,0,0,7
437,776,Pleasure,431.4819048,431.6995918,0.217687,110.4140915,7,0.027666667,3.20E-05,10
437,777,Pleasure,431.9390476,432.1654422,0.2263946,148.2146704,7,0.027666667,3.20E-05,5
437,778,Pleasure,432.3439456,432.5529252,0.2089796,122.2139965,14,0.027666667,6.23E-05,11
437,779,Pleasure,432.8431746,433.0289342,0.1857596,102.3232431,14,0.06225,7.31E-05,7
437,780,Pleasure,433.162449,433.3061224,0.1436734,29.47472728,7,0.0415,5.12E-05,8
437,781,Pleasure,434.442449,434.6253061,0.1828571,66.01307414,7,0.035571429,4.15E-05,8
437,782,Pleasure,435.0171429,435.1869388,0.1697959,127.9322431,7,0.035571429,4.27E-05,6
437,783,Pleasure,435.4786395,435.6614966,0.1828571,164.0643174,7,0.035571429,4.27E-05,8
437,784,Pleasure,436.221678,436.3711565,0.1494785,69.63544508,0,0,0,7
437,785,Pleasure,439.2097959,439.3534694,0.1436735,138.5833536,748,10.798,0.0131072,9
437,786,Pleasure,490.498322,490.6797279,0.1814059,128.1884978,7,0.001,4.27E-05,6
437,787,Pleasure,491.3502041,491.4982313,0.1480272,117.4406604,7,0.0415,5.12E-05,2
437,788,Pleasure,491.6825397,491.8421769,0.1596372,136.8619846,0,0,0,3
437,789,Pleasure,492.4604082,492.5953742,0.134966,136.3193742,14,0.0996,6.40E-05,9
437,790,Pleasure,492.9131973,493.0829932,0.1697959,146.3743367,0,0,0,4
437,791,Pleasure,502.635102,502.8310204,0.1959184,151.4651491,7,0.031125,3.66E-05,7
437,792,Pleasure,502.9268027,503.1140136,0.1872109,53.66318621,7,0.031125,3.66E-05,10
437,793,Contact,454.5574603,454.7403175,0.1828572,18.55934231,7,0.036571429,4.38E-05,17
437,794,Contact,454.8208617,455.0646712,0.2438095,-50.60593415,3770,6.5543,0.014563556,9
437,795,Contact,455.2156009,455.3897506,0.1741497,1.972609239,14,0.038571429,8.77E-05,14
437,796,Contact,459.4996825,459.6419048,0.1422223,-48.71660089,7,0.042666667,0.0001024,9
437,797,Contact,459.9009524,460.1295238,0.2285714,-60.47944872,7,0.028444444,6.40E-05,7
437,798,Contact,461.4857143,461.6838095,0.1980952,15.0597609,7,0.031125,3.66E-05,7
437,799,Contact,462.3492063,462.5980952,0.2488889,-16.87655312,0,0,0,4
437,800,Contact,462.9536508,463.2177778,0.264127,-44.89793709,7,0.023272727,5.05E-05,9
437,801,Contact,464.7314286,465.0057143,0.2742857,-13.8771504,7,0.022636364,2.56E-05,5
437,802,Contact,469.1504762,469.3790476,0.2285714,-102.8700702,0,0,0,7
438,803,Pleasure,42.89160998,43.06575964,0.17414966,139.28438,7,0.001,4.27E-05,7
438,804,Pleasure,43.79863946,43.93650794,0.13786848,119.7104259,0,0,0,7
438,805,Pleasure,44.71292517,44.92335601,0.21043084,173.4113125,0,0,0,4
438,806,Pleasure,64.52244898,64.68498866,0.16253968,37.46307608,7,0.035571429,4.27E-05,8
438,807,Pleasure,64.80108844,64.99265306,0.19156462,142.1534162,50,0.00625,7.31E-05,9
438,808,Pleasure,65.27129252,65.46285714,0.19156462,93.40536239,14,0.06225,3.76E-05,4
438,809,Pleasure,66.69931973,66.87346939,0.17414966,126.655058,0,0,0,7
438,810,Pleasure,66.9170068,67.14340136,0.22639456,131.8201383,7,0.000777778,3.11E-05,8
438,811,Pleasure,77.92326531,78.11773243,0.19446712,121.9671659,14,0.03025,3.46E-05,7
438,812,Pleasure,79.06975057,79.22068027,0.1509297,130.6720312,7,0.001166667,5.12E-05,6
438,813,Pleasure,89.06594104,89.21687075,0.15092971,171.5459634,7,0.001166667,5.12E-05,9
438,814,Pleasure,92.24126984,92.43283447,0.19156463,91.83151836,7,0.000875,3.66E-05,7
438,815,Pleasure,92.48217687,92.63600907,0.1538322,106.9378067,57,0.0095,5.98E-05,10
438,816,Pleasure,92.87401361,93.04816327,0.17414966,62.10283031,50,0.078285714,5.10E-05,14
438,817,Pleasure,99.23918367,99.44380952,0.20462585,55.74691176,7,0.000875,3.66E-05,8
438,818,Pleasure,99.51782313,99.71809524,0.20027211,125.6686411,14,0.06225,0.000109714,7
438,819,Pleasure,125.9537415,126.0995918,0.1458503,145.0605375,7,0.0415,1.40E-06,5
438,820,Pleasure,126.1540136,126.2791837,0.1251701,164.7561704,7,0.0498,6.23E-05,7
438,821,Pleasure,159.1727891,159.3404082,0.1676191,221.9226007,7,0.035571429,4.27E-05,7
438,822,Pleasure,159.4078912,159.5591837,0.1512925,171.6817902,0,0,0,5
438,823,Pleasure,159.722449,159.8857143,0.1632653,125.7722393,0,0,0,6
438,824,Pleasure,160,160.1991837,0.1991837,190.6206966,7,0.032,7.31E-05,8
438,825,Pleasure,161.6359184,161.8481633,0.2122449,190.1188772,7,0.027666667,3.20E-05,5
438,826,Pleasure,164.5540136,164.6922449,0.1382313,147.647655,7,0.0014,6.40E-05,4
438,827,Pleasure,176.2829932,176.4571429,0.1741497,103.4532118,7,0.001,4.27E-05,6
438,828,Pleasure,310.6481633,310.7918367,0.1436734,191.4712485,0,0,0,4
438,829,Pleasure,311.1270748,311.3055782,0.1785034,251.3484001,7,0.035571429,4.27E-05,9
438,830,Pleasure,314.5229932,314.6710204,0.1480272,160.3384446,7,0.001166667,5.12E-05,15
438,831,Pleasure,317.8144218,317.9842177,0.1697959,166.7476409,0,0,0,10
438,832,Pleasure,319.9738776,320.1654422,0.1915646,130.1717841,7,0.000875,3.66E-05,7
438,833,Pleasure,320.3221769,320.5180952,0.1959183,88.48268819,14,0.00175,7.31E-05,6
438,834,Pleasure,320.6008163,320.7662585,0.1654422,65.3202574,14,0.071142857,8.42E-05,10
438,835,Pleasure,321.1580952,321.3540136,0.1959184,144.8191947,57,0.056875,4.27E-05,10
438,836,Pleasure,327.4492517,327.6364626,0.1872109,91.87075524,0,0,0,8
438,837,Pleasure,327.7888435,327.9455782,0.1567347,39.75659077,7,0.001166667,5.12E-05,6
438,838,Pleasure,328.3417687,328.5028571,0.1610884,136.7330959,3770,10.931,0.0262144,23
438,839,Pleasure,328.6117007,328.7771429,0.1654422,136.2073458,14,0.002,8.53E-05,10
438,840,Pleasure,334.7940136,334.9376871,0.1436735,141.2067404,7,0.001166667,5.12E-05,4
438,841,Pleasure,336.8533333,337.0231293,0.169796,121.8578009,7,0.035571429,4.15E-05,5
438,842,Pleasure,339.0258503,339.1651701,0.1393198,142.5692477,7,0.0415,5.12E-05,3
438,843,Contact,272.152381,272.4397279,0.2873469,38.39001129,0,0,0,9
438,844,Contact,272.4861678,272.7299773,0.2438095,-4.758777292,7,0.0256,5.69E-05,7
438,845,Contact,273.925805,274.1696145,0.2438095,-14.92624882,7,0.0256,2.92E-05,13
438,846,Contact,274.2131519,274.5106576,0.2975057,-18.45900947,7,0.000583333,2.33E-05,9
438,847,Contact,274.5527438,274.8836281,0.3308843,42.26109234,755,0.053928571,0.005041231,8
438,848,Contact,275.3015873,275.5744218,0.2728345,-2.354182836,7,0.000636364,2.56E-05,7
438,849,Contact,275.7151927,275.9981859,0.2829932,25.48394208,0,0,0,5
438,850,Contact,278.4478912,278.7323356,0.2844444,-71.68006883,748,0.062333333,6.80E-05,8
438,851,Contact,278.7671655,279.0806349,0.3134694,-94.31091485,354,10.08246154,0.010893167,10
438,852,Contact,280.6552381,280.9382313,0.2829932,-36.99475521,3305,10.92266667,0.017873455,10
438,853,Contact,281.0078912,281.2865306,0.2786394,-60.24921492,3298,10.92266667,0.011915636,9
438,854,Contact,281.347483,281.6290249,0.2815419,3.854379045,3305,10.92208333,0.017873455,6
438,855,Contact,281.6870748,282.0063492,0.3192744,13.98401341,3305,15.12315385,0.02184475,5
438,856,Contact,282.0440816,282.3430385,0.2989569,17.05086065,3298,10.92266667,0.017873455,8
438,857,Contact,283.3502041,283.6143311,0.264127,-56.76612963,4485,5.957818182,0.0065536,12
438,858,Contact,284.3167347,284.6360091,0.3192744,-54.07506809,3163,10.08246154,0.021845333,9
438,859,Contact,285.0394558,285.3732426,0.3337868,-53.22522577,3305,14.04292857,0.015123692,7
438,860,Contact,285.4748299,285.7737868,0.2989569,-98.00448316,4300,10.91791667,0.023462273,10
438,861,Contact,285.8405442,286.1627211,0.3221769,-33.32992983,3163,10.08192308,0.016383417,8
438,862,Contact,286.2410884,286.5632653,0.3221769,-55.65093969,4492,15.12369231,0.016384,7
438,863,Contact,286.6242177,286.9521995,0.3279818,-17.29299733,4485,9.362785714,0.020164923,8
438,864,Contact,287.3353288,287.6604082,0.3250794,-15.40968897,3615,9.362785714,0.019886846,8
438,865,Contact,288.1480272,288.5195465,0.3715193,-113.8127168,4485,12.2893125,0.017476267,8
438,866,Contact,289.6718367,289.9940136,0.3221769,-86.19233469,3170,10.08353846,0.02184475,6
438,867,Contact,290.3887528,290.6964172,0.3076644,11.92371166,3763,15.12369231,0.027306667,10
438,868,Contact,303.3919274,303.7344218,0.3424944,-60.97083686,3608,9.362285714,0.015124231,7
438,869,Contact,303.8621315,304.1697959,0.3076644,49.65267688,3305,10.08246154,0.021844167,6
438,870,Contact,308.1868481,308.5003175,0.3134694,-14.06174869,7,0.000538462,2.13E-05,8
438,871,Contact,308.5990023,308.9124717,0.3134694,-10.80384011,2896,15.12315385,0.016383417,7
438,872,Contact,308.9995465,309.3246259,0.3250794,-94.52724787,57,0.021857143,5.91E-05,8
438,873,Contact,345.8960544,346.1979138,0.3018594,-13.92864975,0,0,0,6
438,874,Contact,346.2675737,346.5926531,0.3250794,-34.00311947,14,0.036071429,3.88E-05,8
438,875,Contact,346.6710204,346.9931973,0.3221769,-50.97998613,3305,10.08192308,0.016384,12
438,876,Contact,347.8987755,348.2470748,0.3482993,-44.13930662,14,0.033666667,5.49E-05,6
438,877,Contact,349.328254,349.6170522,0.2887982,-23.33777955,7,0.000583333,2.33E-05,6
438,878,Contact,349.9885714,350.2788209,0.2902495,20.153544,7,0.021333333,2.39E-05,7
438,879,Contact,381.9218141,382.2294785,0.3076644,-66.00456336,7,0.019153846,2.13E-05,5
438,880,Contact,389.0677551,389.3696145,0.3018594,43.26665115,50,0.003846154,2.49E-05,7
438,881,Contact,389.4450794,389.7527438,0.3076644,1.090797001,3305,5.102076923,0.010922667,9
438,882,Contact,389.8107937,390.0952381,0.2844444,84.03910806,21,0.00175,4.65E-05,8
438,883,Contact,400.399093,400.6907937,0.2917007,19.72982609,7,0.042666667,9.18E-05,6
438,884,Contact,400.751746,401.0492517,0.2975057,-64.4004067,4300,16.384,0.023830636,7
438,885,Contact,401.0971429,401.4222222,0.3250793,-4.088126995,4492,18.72407143,0.020164923,9
438,886,Contact,401.5136508,401.8285714,0.3149206,-39.07947833,14,0.038307692,6.40E-05,8
438,887,Contact,412.7811338,413.0539683,0.2728345,-70.24868202,7,0.023909091,5.19E-05,8
438,888,Contact,413.4951474,413.8202268,0.3250794,-46.61518547,0,0,0,5
438,889,Contact,414.9289796,415.2714739,0.3424943,-52.6267576,0,0,0,6
438,890,Contact,419.5149206,419.8109751,0.2960545,-0.330870571,4693,10.92208333,0.017873455,6
438,891,Contact,422.5799546,422.8643991,0.2844445,-24.77922564,3446,16.09683333,0.023831273,8
438,892,Contact,422.916644,423.2185034,0.3018594,45.50517387,3770,14.84615385,0.021845333,6
438,893,Contact,423.2707483,423.6016327,0.3308844,-3.730124345,3939,9.362785714,0.020164923,5
438,894,Contact,423.6538776,423.9905669,0.3366893,-2.406695181,3770,9.362785714,0.015123692,6
438,895,Contact,424.3853061,424.7161905,0.3308844,-34.69679643,3770,9.362785714,0.020164923,7
438,896,Contact,424.7916553,425.1457596,0.3541043,-63.08120459,4492,13.1072,0.018724571,7
438,897,Contact,425.5056689,425.7843084,0.2786395,-3.604947109,3453,10.92325,0.011915636,9
439,898,Pleasure,117.0155102,117.12,0.1044898,37.90288367,0,0,0,9
439,899,Pleasure,117.5060317,117.642449,0.1364173,121.8839695,7,0.0512,0.000128,7
439,900,Pleasure,181.3638095,181.4857143,0.1219048,72.6723466,0,0,0,5
439,901,Pleasure,181.6888889,181.8209524,0.1320635,33.90992426,0,0,0,6
439,902,Pleasure,264.2793651,264.4244898,0.1451247,44.02380497,365,0.060833333,7.30E-05,8
439,903,Pleasure,266.1587302,266.2748299,0.1160997,98.27999135,7,0.0498,6.40E-05,5
439,904,Pleasure,266.4634921,266.6013605,0.1378684,68.58116904,0,0,0,13
439,905,Pleasure,279.7844898,279.9644444,0.1799546,66.45698238,354,18.72457143,0.021845333,17
439,906,Pleasure,280.3809524,280.5231746,0.1422222,68.19044771,7,0.0415,5.12E-05,11
439,907,Pleasure,280.8685714,281.0383673,0.1697959,64.03374576,0,0,0,3
439,908,Contact,407.847619,408.1269841,0.2793651,13.76498637,7,0.021333333,4.65E-05,8
439,909,Contact,408.2285714,408.4926984,0.264127,-2.463939013,0,0,0,6
439,910,Contact,408.5739683,408.8177778,0.2438095,43.04332578,0,0,0,4
439,911,Contact,416.3265306,416.5180952,0.1915646,-31.93358473,7,0.031125,3.56E-05,6
439,912,Contact,416.6465306,416.8279365,0.1814059,-41.76018553,0,0,0,9
439,913,Contact,416.9991837,417.2190476,0.2198639,-9.288319964,0,0,0,7
439,914,Contact,417.364898,417.5746032,0.2097052,-68.883118,7,0.027666667,3.11E-05,6
439,915,Contact,417.7110204,417.9301587,0.2191383,-2.22346156,0,0,0,5
439,916,Contact,418.031746,418.2603175,0.2285715,7.989744077,14,0.001555556,3.20E-05,9
439,917,Contact,418.4177778,418.6920635,0.2742857,9.528162302,14,0.045272727,2.63E-05,7
439,918,Contact,418.8190476,419.0222222,0.2031746,-21.85120576,7,0.000875,3.56E-05,5
439,919,Contact,419.1898413,419.4234921,0.2336508,-89.84898185,0,0,0,6
439,920,Contact,419.7384127,420.0126984,0.2742857,-32.2775308,7,0.023272727,5.12E-05,6
439,921,Contact,420.1295238,420.4088889,0.2793651,-12.58217917,7,0.02075,2.33E-05,4
439,922,Contact,420.6374603,420.8863492,0.2488889,37.97189699,0,0,0,4
439,923,Contact,430.5473016,430.7911111,0.2438095,-15.4339556,7,0.0256,5.69E-05,11
439,924,Contact,430.8622222,431.095873,0.2336508,28.95971518,7,0.0249,7.78E-07,7
439,925,Contact,431.1771429,431.4209524,0.2438095,-5.097545462,398,13.0674,0.014562,13
439,926,Contact,431.5428571,431.791746,0.2488889,-77.61092447,7,0.0007,2.84E-05,7
439,927,Contact,431.8933333,432.1777778,0.2844445,-33.36421889,7,0.021333333,4.65E-05,6
439,928,Contact,432.3707937,432.6450794,0.2742857,-9.611768713,7,0.000636364,2.56E-05,5
439,929,Contact,432.8228571,433.0971429,0.2742858,-50.86739179,0,0,0,6
439,930,Contact,433.2212245,433.4730159,0.2517914,-55.23663826,3305,6.5543,0.014563556,10
439,931,Contact,433.6391837,433.9250794,0.2858957,-68.4940716,7,0.02075,2.33E-05,10
439,932,Contact,434.3183673,434.6006349,0.2822676,-30.47050843,7,0.000583333,2.33E-05,5
439,933,Contact,434.727619,435.0628571,0.3352381,0.413227231,3305,4.681142857,0.010082462,9
439,934,Contact,435.2660317,435.575873,0.3098413,-34.04402675,3305,5.041769231,0.016384,8
439,935,Contact,435.6419048,435.9568254,0.3149206,-4.461863145,3305,5.041769231,0.010922667,6
440,936,Pleasure,344.9295238,345.0731973,0.1436735,117.4055604,0,0,0,9
440,937,Pleasure,345.2560544,345.4200454,0.163991,129.7769004,0,0,0,9
440,938,Pleasure,345.5477551,345.7306122,0.1828571,81.61430906,7,0.035571429,4.15E-05,15
440,939,Pleasure,346.4838095,346.6666667,0.1828572,124.6650519,7,0.001,4.27E-05,8
440,940,Pleasure,347.1542857,347.3284354,0.1741497,70.29093417,372,18.71742857,0.021791667,26
440,941,Pleasure,347.5330612,347.6854422,0.152381,89.31395441,7,0.001166667,5.12E-05,11
440,942,Pleasure,347.8639456,348.025034,0.1610884,83.94507635,7,0.001166667,5.12E-05,14
440,943,Pleasure,348.18322,348.3457596,0.1625396,47.42138345,0,0,0,18
440,944,Pleasure,449.5118367,449.6718367,0.16,39.81894175,22,0.003666667,4.68E-05,12
440,945,Pleasure,449.92,450.1159184,0.1959184,21.27124618,7,0.032,7.31E-05,6
440,946,Pleasure,473.330068,473.4897052,0.1596372,151.2541143,29,0.0805,9.80E-05,20
440,947,Pleasure,474.8596825,475.0280272,0.1683447,109.5455575,7,0.001,4.27E-05,10
440,948,Pleasure,479.9085714,480.1131973,0.2046259,98.33659435,7,0.000875,3.66E-05,6
440,949,Pleasure,480.3395918,480.5442177,0.2046259,155.0612953,7,0.032,7.31E-05,8
440,950,Contact,203.7986395,204.0816327,0.2829932,-53.60020542,4293,16.384,0.023831273,10
440,951,Contact,204.2267574,204.5170068,0.2902494,-18.18993763,4300,27.30666667,0.035432364,12
440,952,Contact,204.7738776,205.046712,0.2728344,-87.68675356,4116,11.91563636,0.0262144,8
440,953,Contact,207.2235828,207.5080272,0.2844444,148.2881215,4492,16.384,0.029789727,10
440,954,Contact,207.5936508,207.876644,0.2829932,146.9582008,4485,16.38341667,0.023831273,12
440,955,Contact,208.5289796,208.8054422,0.2764626,-61.09335934,4293,11.92818182,0.0196608,9
440,956,Contact,208.9730612,209.2553288,0.2822676,112.997774,4521,16.38758333,0.029412273,14
440,957,Contact,209.4040816,209.6979592,0.2938776,47.71715109,4300,16.384,0.023831273,10
440,958,Contact,209.8938776,210.1746939,0.2808163,5.781903805,4300,10.92325,0.029789727,9
440,959,Contact,210.2922449,210.5795918,0.2873469,76.31741298,4686,10.58025,0.017873455,9
440,960,Contact,216.5913832,216.8272109,0.2358277,-183.6406307,4293,20.0371,0.021880556,11
440,961,Contact,216.9070295,217.1501134,0.2430839,-98.21674191,4485,19.6615,0.028777222,13
440,962,Contact,217.2146939,217.4911565,0.2764626,-140.5581683,4492,17.87281818,0.0262144,8
440,963,Contact,217.6195918,217.8793651,0.2597733,-98.71003762,4492,11.91627273,0.0262144,10
440,964,Contact,218.0506122,218.3365079,0.2858957,-17.2177415,4492,16.38458333,0.029414909,10
440,965,Contact,218.4163265,218.6906122,0.2742857,-6.220838937,4693,17.87281818,0.0196608,7
440,966,Contact,218.8016327,219.0955102,0.2938775,-104.1292618,4686,16.41291667,0.017873455,8
440,967,Contact,219.2,219.4975057,0.2975057,-138.6374176,4686,16.384,0.011915636,7
440,968,Contact,219.5773243,219.9002268,0.3229025,-124.4528065,4693,10.08246154,0.016384583,6
440,969,Contact,219.9423129,220.2819048,0.3395919,-154.7815261,4903,18.72457143,0.029886923,7
440,970,Contact,220.3428571,220.6802721,0.337415,-103.1124204,4693,18.72407143,0.025206154,6
440,971,Contact,220.7963719,221.137415,0.3410431,-106.5544902,4686,18.69978571,0.025206154,10
440,972,Contact,221.2099773,221.5764172,0.3664399,-55.10423067,4686,13.10813333,0.023405714,8
440,973,Contact,221.6576871,221.9827664,0.3250793,-111.8171029,4693,14.04392857,0.015123692,7
440,974,Contact,222.0495238,222.3629932,0.3134694,-52.24090158,4693,20.16492308,0.027306083,6
440,975,Contact,222.4653061,222.7918367,0.3265306,-83.1598356,4903,14.04292857,0.020164385,5
440,976,Contact,222.8593197,223.1727891,0.3134694,-29.23417298,4693,15.12315385,0.02703125,6
440,977,Contact,223.3121088,223.6335601,0.3214513,-51.98264282,4693,15.12423077,0.021845333,4
440,978,Contact,223.7736054,224.1088435,0.3352381,-77.30966644,4693,14.04392857,0.020164923,5
440,979,Contact,224.2612245,224.5921088,0.3308843,-71.24171295,4693,18.72457143,0.020164385,7
440,980,Contact,224.6639456,224.9839456,0.32,-119.2668873,4693,15.07307692,0.021845333,7
440,981,Contact,225.0884354,225.3757823,0.2873469,-59.51278115,4686,16.384,0.023544364,6
440,982,Contact,225.4541497,225.7886621,0.3345124,-89.25806844,4686,14.04342857,0.020164923,6
440,983,Contact,225.8902494,226.2204082,0.3301588,-64.22516928,4896,14.04392857,0.024953,7
440,984,Contact,226.2987755,226.6521542,0.3533787,-77.6395723,4903,21.84533333,0.023405214,6
440,985,Contact,226.7537415,227.0839002,0.3301587,-82.82671572,4693,18.72407143,0.015123692,7
440,986,Contact,227.1891156,227.537415,0.3482994,-88.82079523,4903,17.47673333,0.027780714,8
440,987,Contact,227.6281179,227.9836735,0.3555556,-110.0031388,4693,13.12966667,0.023429286,8
440,988,Contact,228.092517,228.4495238,0.3570068,-175.198678,4693,21.84626667,0.018725071,8
440,989,Contact,228.5104762,228.8399093,0.3294331,-172.9023242,4903,9.362285714,0.015123692,6
440,990,Contact,228.9284354,229.2897959,0.3613605,-161.7647656,4910,21.84246667,0.027782286,8
440,991,Contact,229.384127,229.7360544,0.3519274,-98.54212127,4693,17.47673333,0.028086857,7
440,992,Contact,229.9283447,230.2947846,0.3664399,-71.15631732,4693,13.10673333,0.014043429,6
440,993,Contact,232.431746,232.7727891,0.3410431,-131.2170158,4693,23.40571429,0.020164923,6
440,994,Contact,232.8526077,233.200907,0.3482993,-164.4770418,4693,21.84533333,0.028086357,6
440,995,Contact,233.2647619,233.6217687,0.3570068,-168.8431264,4693,17.47673333,0.0230705,5
440,996,Contact,233.6943311,234.0752834,0.3809523,-73.14598874,4693,12.2893125,0.0218458,7
440,997,Contact,234.155102,234.5179138,0.3628118,-94.66514099,4492,17.4758,0.014043429,6
440,998,Contact,234.6013605,234.9714286,0.3700681,-135.9763508,4686,17.4758,0.014043929,6
440,999,Contact,235.047619,235.3922902,0.3446712,-42.55886588,4693,14.04292857,0.025206154,5
