Category,PCA_0,PCA_1,PCA_2,PCA_3
Contact,-12.93938415,1.866770098,-1.360376453,-1.472094342
Contact,-18.94717132,-0.979751279,-2.308444848,-3.393193934
Contact,-21.37050334,-1.416575889,-2.338071804,-1.529695308
Contact,-20.12535114,-0.772593256,-2.287833881,3.976221817
Contact,-16.90465054,-1.703735817,2.955796123,1.949254353
Contact,-22.61773468,-3.983913904,-3.941653748,4.070970937
Contact,-13.46691439,6.648589072,-5.641798326,-2.976629653
Contact,-16.90905783,5.322445116,-3.566555727,1.737774704
Contact,-15.75167827,2.415327646,1.190892997,-4.074835065
Contact,-15.15204968,0.053685435,1.691094752,-3.273124463
Contact,-16.67382445,0.170727779,0.557768446,4.513064282
Contact,-19.70759642,2.432669707,-4.974711819,-4.391435137
Contact,-19.06373828,0.984531667,-3.897858931,-3.790486717
Contact,-22.903064,-2.92665403,-4.486842317,-0.113404032
Contact,-19.17955513,0.800687213,-1.244325655,-3.560583676
Contact,-19.5269793,-0.627126875,0.141569341,-1.372459647
Contact,-18.94094944,-1.611862265,1.257351491,-1.70550664
Contact,-19.99397613,-2.227238166,0.605820803,4.528365058
Contact,-21.45456312,-3.543514525,-1.593069688,0.889820106
Contact,-24.95852968,-4.654369993,-6.355228999,2.287662869
Contact,-22.06917117,-6.493823305,-1.653436909,5.940698671
Contact,-18.483462,-4.882899017,2.830155789,2.362012041
Contact,-21.34140909,-2.682704073,-3.181307449,0.986630571
Contact,-21.99141823,-2.535170402,-3.289177143,3.116098922
Contact,-21.55868367,-0.697672359,-2.38005584,6.77908876
Contact,-19.99115616,-0.221350811,-1.262304254,1.397990245
Contact,-21.52344353,-3.175368374,-1.011193223,6.296195559
Contact,-22.29811532,-6.514858841,-2.839391946,7.526501067
Contact,-21.10901162,-6.403989125,-1.742652419,5.295807406
Contact,-20.16248943,-3.230978503,-2.714938037,2.118040457
Contact,-20.58575295,0.039786994,-3.459666073,-2.865437346
Contact,-18.66128453,-3.436336305,0.294757605,1.709289719
Contact,-19.49609331,-4.309637921,0.304033391,-0.850169247
Contact,-21.40085142,-4.115843632,-2.274375608,-1.771084719
Contact,-17.68989717,-1.491755954,0.822835415,-3.415527528
Contact,-15.80725904,1.754736956,-0.088544031,0.351277638
Contact,-16.90633401,-3.124904439,2.437161532,3.595382078
Contact,-17.45403726,-5.213459054,2.880239739,2.457519285
Contact,-12.1552977,-2.074760864,8.290655397,1.723511917
Contact,-15.72077368,-0.056898522,5.266978889,3.329172116
Contact,-15.23367832,-1.990503963,6.060156406,2.128107476
Contact,-15.93247026,-1.513128609,4.294717685,3.242665716
Contact,-15.41207586,-2.375513283,5.652224268,2.859831267
Contact,-18.0750912,-2.293307035,0.883000229,2.718830752
Contact,-16.68918115,-0.263331938,1.778372771,0.068880042
Contact,-14.73083546,-1.666715981,4.102318213,0.740795394
Contact,-14.14491443,-3.074436829,5.947762118,1.454281554
Contact,-16.48499265,-2.247739299,3.354531885,3.225611689
Contact,-16.65717015,-2.296991278,3.072260456,-1.582766145
Contact,-13.53208261,-3.123559494,6.328702753,-1.484143465
Contact,-10.92887586,1.272784044,8.124841007,-3.085123457
Contact,-14.81100601,-0.343168281,6.666459204,-2.956240221
Contact,-11.75035185,0.576777442,7.672770515,-3.684309694
Contact,-18.30221865,0.575863581,1.05404759,-2.803664075
Contact,-14.07680318,-0.05719957,4.176529888,-3.18394664
Contact,-18.98997898,-2.048279063,0.893932194,2.166959634
Contact,-12.01372174,0.06118069,7.650288479,-0.326770362
Contact,-14.18020552,2.104927661,5.372582203,-1.872111786
Contact,-13.55502856,-1.198075515,7.528899834,-4.005693897
Contact,-16.55030007,-1.612670534,4.505693306,-1.941149899
Contact,-16.62508257,-0.371774328,1.802346544,0.768893985
Contact,-14.35284366,-3.011115312,5.560270143,2.703379527
Contact,-14.61650645,-2.388758687,5.674545468,4.14793433
Contact,-13.56736147,-2.313866616,5.248102423,1.762535779
Contact,-13.43462686,-4.331241652,6.253165558,4.394249363
Contact,-15.35356902,-5.111842829,5.960586651,0.330659006
Contact,-15.60335198,-2.173521996,2.490408872,1.491414138
Contact,-15.3499128,-5.541387642,4.000479387,1.469592815
Contact,-11.01862538,1.302944291,3.424505433,-0.722616429
Contact,-10.22951616,0.834490062,5.213160036,-1.310602937
Contact,-13.49698954,3.254148794,-1.125320493,1.933812849
Contact,-22.39636237,-4.747352967,-0.217765312,2.802600492
Contact,-23.5920958,-3.825944772,-3.267143381,3.684042291
Contact,-21.58129327,-4.844424196,0.41866815,3.776749068
Contact,-23.42779723,-3.329136722,-3.36501764,2.17470286
Contact,-20.06034225,-1.09416443,0.260732698,1.401867964
Contact,-18.49420224,-1.770047741,-1.164844063,0.384030838
Contact,-21.19973879,-3.405237096,0.805969632,2.47213618
Contact,-18.52770309,-5.550631878,3.379725875,3.636219917
Contact,-17.50798596,-4.058647393,2.968063626,6.294151683
Contact,-17.85316627,-5.22194034,2.951467244,8.987705777
Contact,-19.17628135,-4.693311793,0.671467998,9.465078959
Contact,-20.20555286,-3.777918202,-1.654577083,9.48172054
Contact,-18.88733035,-3.501678186,0.799288271,7.890846114
Contact,-19.27512773,-4.419576817,1.941873406,8.187313964
Contact,-19.57419897,-6.320711389,1.79213222,8.319678001
Contact,-18.74634725,-6.042046428,0.762951187,6.873761529
Contact,-23.41088527,-8.543730905,-1.446983256,7.378046514
Contact,-21.47835896,-4.144209715,-1.917690298,3.008081003
Contact,-23.57255797,-7.26344346,-2.714248338,5.920285033
Contact,-22.54136919,-6.264470503,-3.475761876,3.873653009
Contact,-21.3052002,-5.971245968,-1.262778303,7.184698537
Contact,-19.78308207,-5.279826259,0.108363093,5.100567377
Contact,-21.20659192,-4.230258034,-0.366084363,5.456486798
Contact,-20.10193886,-2.756752409,0.347441796,5.446781544
Contact,-13.55081978,-0.570984179,4.384770745,-3.314136046
Contact,-19.21689777,-4.544283555,1.705360248,1.142109591
Contact,-18.54829046,-4.665427321,2.652794299,1.250992213
Contact,-19.12349084,-1.394427723,0.173394666,2.32401044
Contact,-17.86312027,-1.204890819,1.307311355,3.958970607
Contact,-22.69580833,-6.928751558,-1.237133489,3.64412341
Contact,-19.80805448,-6.809887085,1.563058248,3.36122476
Contact,-19.75251168,-6.006461833,0.004938814,8.136736782
Contact,-19.53926129,-7.672273588,0.877686508,3.96928941
Contact,-22.22554886,-5.967443083,-2.497988855,0.220128988
Contact,-21.28584209,-6.345778861,-0.414821458,-2.321766432
Contact,-23.47817884,-4.865512509,-2.920469016,0.172520822
Contact,-21.63747242,-5.459676001,-1.199542394,1.497487382
Contact,-23.15588358,-3.143160795,-3.367580364,0.893986229
Contact,-22.11889435,-2.623888791,-2.912711192,2.673577089
Contact,-19.6198256,-4.616254715,-0.901346373,6.107547704
Contact,-20.81584338,-5.934073261,-2.586421895,12.6537934
Contact,-19.30400631,-5.939864382,1.327568628,7.548771083
Contact,-19.13540392,-6.030402202,1.629199072,6.584822571
Contact,-19.10060978,-5.631137914,2.379708096,4.253935786
Contact,-18.76262016,-4.95042185,2.331176761,5.284130281
Contact,-19.90526126,-7.417119759,2.147618826,4.19626833
Contact,-17.24777985,-5.753805614,3.078565684,6.133579797
Contact,-17.66245387,-6.327281424,3.725049872,5.816223823
Contact,-16.75184932,-6.374067172,3.674727763,6.525960916
Contact,-17.74807401,-4.714225073,2.3368137,7.470323675
Contact,-18.35798557,-5.125503422,-1.227279742,11.15956484
Contact,-16.57525624,-5.379498892,2.759313923,11.27099604
Contact,-17.04232308,-3.98722062,2.096546995,4.736241845
Contact,-16.5453311,-3.545287022,3.099108265,7.954737659
Contact,-15.52784163,-1.58474516,3.299443515,6.680477145
Contact,-18.61535122,-3.275011881,1.633935423,4.185782972
Contact,-18.52404991,-4.574330376,1.838839295,6.167168929
Contact,-17.06736292,-3.421235244,2.69717148,7.703691751
Contact,-16.49149859,-1.274802673,2.561882994,8.871597029
Contact,-18.99681768,-2.425571251,1.115687776,4.078133124
Contact,-19.54055691,-2.250499432,0.249723154,3.063366106
Contact,-18.80883952,-3.916359082,-0.22720047,5.964103968
Contact,-19.13935371,-3.856218985,0.953231076,4.151048462
Contact,-19.27890717,-4.031092927,1.349114862,2.945121485
Contact,-19.47923086,-4.27572823,-1.266837211,2.109644561
Contact,-19.88949056,-3.386005187,-1.035859797,4.958380515
Contact,-17.01129984,-2.536888845,1.952760045,5.067464442
Contact,-18.25376632,-2.111986037,0.467183256,6.377117146
Contact,-16.06374736,-1.22929266,0.555526188,4.328978495
Contact,-17.6936331,-1.711217525,2.222567701,1.860918647
Contact,-17.80887534,-2.53487572,1.944354891,2.095219638
Contact,-20.15741371,-0.920733369,-3.897561004,6.938993922
Contact,-17.91017349,-1.251922554,-0.414677925,4.605429143
Contact,-17.21303396,-1.962605748,0.908968312,7.894908225
Contact,-18.56947757,-3.081670933,1.558180019,5.169761875
Contact,-15.77405539,-1.259684448,3.146759745,3.982683832
Contact,-14.78903816,-1.611722381,3.59005729,3.11958477
Contact,-12.91632369,-1.789180972,6.289248239,3.260032458
Contact,-23.17850908,-4.133992231,-3.516204539,2.464618816
Contact,-19.83381706,-6.805256776,0.768087524,5.53950825
Contact,-18.43165675,-6.257880759,0.497284126,7.620458941
Contact,-18.68691366,-6.336095072,-0.234030499,9.282220064
Contact,-20.4357591,-4.340479305,-1.673689227,7.924519761
Contact,-22.78130332,-4.04809193,-4.706415203,1.092814168
Contact,-20.4719091,-5.902440578,-0.76530431,7.063074601
Contact,-19.7384316,-3.872850786,-1.32530477,9.231802585
Contact,-17.11360589,-3.745945314,1.554314051,9.055494104
Contact,-15.98783339,-3.154397,1.039002292,4.619450221
Contact,-14.31271813,-5.452925854,3.975680454,5.895990826
Contact,-18.57418166,-4.719213058,1.19120387,4.375335008
Contact,-15.32880047,-5.67918983,4.340056482,2.882038862
Contact,-17.25612374,-5.662654017,1.861706987,0.898945055
Contact,-17.29502517,-4.638652833,1.106576111,3.498832917
Contact,-17.64085571,-4.874634705,2.270758602,2.418317405
Contact,-19.32913475,-5.496445218,-0.107571756,5.29521877
Contact,-16.78043521,-5.681986802,3.062118018,2.796177675
Contact,-14.85322144,-0.059253004,2.952583969,0.307958647
Contact,-16.18907329,-2.863506226,1.645644029,2.799068462
Contact,-12.97899607,-2.185788206,7.724455383,1.906744938
Contact,-14.95984047,-2.531845891,7.170494632,-1.583120236
Contact,-15.98906398,-2.702582379,5.831354406,-1.125413935
Contact,-16.73809315,-2.421825772,3.437648388,0.212184912
Contact,-9.824733847,-3.620166368,11.60805371,-1.803885382
Contact,-13.07676244,-1.413032677,5.510748769,-2.370292689
Contact,-12.3757055,-0.647982659,6.194996116,-0.636361962
Contact,-13.6330601,-0.317771425,5.171968342,0.575987405
Contact,-13.37549296,-2.524630863,8.238630298,3.262109488
Contact,-10.96041419,-4.342357094,11.4852833,1.516387435
Contact,-12.83162289,-4.379928238,8.692236631,2.051838261
Contact,-11.38578633,-1.553324232,8.809142973,0.795967733
Contact,-8.737830403,0.572302197,9.010764056,0.992521226
Contact,-10.80972275,-1.645642672,8.738226496,1.196482163
Contact,-10.78575462,-2.214904191,8.927329547,1.092994522
Contact,-9.450013845,-2.483781573,10.15516193,1.26289378
Contact,-8.924638545,-1.26653091,10.34503805,2.102771197
Contact,-11.79793629,-7.376708878,10.61975488,1.344035577
Contact,-11.0622375,-5.334728077,8.89058084,3.077448958
Contact,-14.15281986,-3.217781369,3.632801955,6.047225099
Contact,-17.9475529,-1.032743654,-1.240560313,5.786160089
Contact,-14.68907822,-4.02183635,4.614243677,4.273751563
Contact,-13.61531747,-2.184378269,3.851176285,4.689696099
Contact,-14.98636697,-2.703913569,3.463302402,3.873402785
Contact,-13.89047265,-5.063558941,4.660525175,6.189299788
Contact,-15.33195249,-3.553402231,3.249347594,5.861220943
Contact,-12.94791638,-6.605388789,6.913873715,6.614216533
Contact,-11.87795844,-4.77109522,7.344655145,6.723033158
Contact,-8.905681924,-3.673580066,9.385690251,5.25159367
Contact,-11.08804893,-6.327706773,9.615261428,5.601962454
Contact,-8.630643359,-5.687061889,12.02169427,4.404813536
Contact,-9.336557093,-3.474536709,8.065005282,5.436603068
Contact,-10.21873324,-3.236774685,9.552835063,4.285602103
Contact,-14.64532461,-5.55786903,3.961922808,8.531572552
Contact,-16.70646271,-5.678830692,4.198118926,9.873976194
Contact,-9.079536487,-0.952176813,8.454083241,4.246024495
Contact,-14.6999372,-4.280657417,3.933377564,7.228201032
Contact,-15.10782055,-3.522229186,2.659512035,8.276387681
Contact,-14.49095167,-5.012931198,4.220423812,6.284349374
Contact,-9.744566505,-4.972878682,8.427110926,-1.172407296
Contact,-13.54259861,-4.146831069,4.770194978,7.81970699
Contact,-13.72563913,-3.035478378,4.575639137,-0.553725506
Contact,-5.117749644,-3.509454718,14.19321411,1.296199266
Contact,-6.017674465,-4.20417503,11.26471211,1.815848722
Contact,-10.68065443,-1.301206443,9.09391325,-2.273884676
Contact,-12.23123926,-1.191396507,5.257048383,0.713113469
Contact,-5.410742175,-1.843560168,13.2450422,-1.557539595
Contact,-3.172978782,-1.778412106,14.83869144,0.576469746
Contact,-6.486363729,-2.241930832,13.13708337,0.169728538
Contact,-5.856455646,-3.077046623,13.90600636,-1.040841557
Contact,-9.240990787,-2.479239322,9.177709777,1.018826974
Contact,-10.39347705,-4.856894921,8.889043226,1.973661792
Contact,-6.539907131,-4.382369457,14.18706476,2.245104679
Contact,-5.660451747,-3.803038803,14.42789352,2.018443016
Contact,-20.38715534,-2.620649938,-2.392110661,-0.598302417
Contact,-23.10168338,-1.817593043,-8.209198938,-0.208672199
Contact,-20.84242959,-5.49470508,-1.567779722,2.265820468
Contact,-20.69731171,-4.812501842,-0.610191415,6.829363912
Contact,-21.14206685,-4.597256814,-1.940034799,2.306596218
Contact,-16.70488077,-0.931130154,1.245934974,-0.526563913
Contact,-15.73194795,-1.279066149,4.30704775,1.511153359
Contact,-15.58863989,-1.338145149,3.556145297,1.631211238
Contact,-13.40170995,-0.811258351,7.313982987,1.649714541
Contact,-13.91599336,-1.402422283,7.190664491,2.770644172
Contact,-15.90804229,-2.964493789,5.787591935,6.226966637
Contact,-10.2934501,-2.098799673,9.57473197,2.98883018
Contact,-15.68091443,-0.474310575,4.050275003,2.44973819
Contact,-15.8319386,1.613190342,2.552062388,0.927555404
Contact,-22.66239911,-1.379131668,-4.734043101,5.051842481
Contact,-21.48683368,-2.715005823,-4.469980829,6.598576555
Contact,-19.71119009,-0.749462022,-2.489167855,4.74251804
Contact,-21.26901778,-1.267295032,-3.38146333,6.993170978
Contact,-20.78612155,-1.3520331,-1.951811401,5.68393949
Contact,-20.90906068,-2.239380526,-3.402230446,7.780224643
Contact,-21.41836981,-3.18607627,-2.349811954,3.87965398
Contact,-17.19801731,-2.726237662,2.013531168,3.237824628
Contact,-18.94884496,-4.8010171,1.713939172,10.06954721
Contact,-20.14639199,-5.61263818,1.694668076,2.565301338
Contact,-21.70066961,-4.588697607,-2.470140536,3.501711577
Contact,-21.84171896,-3.331342256,-3.877820946,9.038462522
Contact,-19.52655289,-1.080174191,-1.201700967,6.060779102
Contact,-11.20187836,-7.259533596,1.495797639,-4.591929957
Contact,-4.38646618,-6.695104347,6.847369662,-7.492937215
Contact,-6.329931292,-9.288563648,4.263554024,-6.589473586
Contact,-8.279841936,-6.835819655,5.570730226,-4.997700667
Contact,-8.11838586,-5.981968695,2.891816489,-3.790222415
Contact,-8.468178513,-8.69859338,3.199787125,-3.601956405
Contact,-5.234423466,-7.594958459,5.676167156,-6.123596356
Contact,-9.618962276,-6.821984054,1.770523647,-1.318452577
Contact,-6.287802699,-5.449045298,5.365172997,-6.497914476
Contact,-5.255685791,-6.908819863,4.013572465,-6.604783623
Contact,-1.85361604,-7.025766105,2.891942146,-5.637189292
Contact,-4.530036755,-6.063889188,3.352944728,-7.845215622
Contact,-5.770019353,-7.738583779,-4.483281192,-2.8862551
Contact,-5.57610807,-8.428593724,1.165641364,-2.76560305
Contact,-10.41389085,-9.726284394,0.51861107,-3.247667879
Contact,-7.849477382,-10.0381588,2.281631483,-4.188798825
Contact,-8.890075083,-9.161112077,-0.746819911,-4.51500505
Contact,-8.395150623,-8.835690696,1.001065433,-6.251248384
Contact,-7.104876578,-9.360938859,4.544287446,-6.412967978
Contact,-6.612407068,-10.66288228,3.7275227,-6.352187798
Contact,-6.275821186,-8.657666865,4.808809682,-5.492320437
Contact,-8.598300449,-9.74324103,5.524728205,-5.345492899
Contact,-9.280467556,-10.2236788,2.204680916,-6.158111113
Contact,-6.610937363,-8.902088917,4.482520524,-6.108818037
Contact,-8.271794591,-6.577298612,-1.657716933,-4.413337227
Contact,-8.717482433,-6.849774841,-2.566756232,-6.232652396
Contact,-6.518346793,-7.172862224,1.88734521,-7.172998576
Contact,-5.276249397,-8.74383747,2.948162359,-8.219965736
Contact,-6.076450407,-10.82037773,2.104644931,-9.68434867
Contact,-4.287069434,-8.153359133,0.881257983,-8.403424151
Contact,-3.747627842,-8.260320929,8.189307317,-8.157094949
Contact,-5.078457533,-7.266197798,0.016682845,-8.2081107
Contact,-4.546383179,-6.299473673,-2.052017931,-5.922370233
Contact,-4.991430156,-6.284399189,-2.098601926,-7.023600664
Contact,-4.795203142,-6.120095993,-3.779601626,-4.043621499
Contact,-4.354298641,-5.914349863,-3.003195833,-6.666860923
Contact,-4.771245274,-4.928152607,-1.771892295,-8.245493208
Contact,-5.101246071,-6.001961977,-1.58969283,-5.743531352
Contact,-3.186262802,-4.575778182,-4.207622965,-6.640398186
Contact,-2.664953983,-7.999028129,-3.096641291,-5.804931554
Contact,-2.604779048,-8.697749678,0.711823656,-6.760005545
Contact,-5.097084438,-6.36097647,-2.564672218,-7.74851311
Contact,-4.216127753,-9.507030251,4.76620601,-7.590943254
Contact,-2.541713351,-5.553259851,2.229853433,-5.754845073
Contact,-3.206772941,-6.598015021,4.589569196,-7.639980542
Contact,-3.018034543,-5.817600645,2.205249494,-10.3708065
Contact,-4.349132728,-6.555593662,1.829943975,-7.126239978
Contact,-0.787005261,-3.887637674,6.261356151,-7.366180904
Contact,-3.649365009,-5.076416846,1.412115196,-7.748830708
Contact,-6.237688401,-7.173568021,0.970161407,-6.47213593
Contact,0.406940419,-7.596288638,-1.455381078,-7.043725908
Contact,7.72818556,-5.726932236,-3.235240623,-4.422881013
Contact,3.824285549,-6.967271346,-0.259951823,-5.220436389
Contact,-0.249392792,-4.331494799,-1.921752566,-8.785830661
Contact,3.13006376,-6.264098396,-3.607575279,-5.598128782
Contact,2.311544698,-5.904824834,0.099473873,-5.051402815
Contact,-2.023341209,-6.422786697,0.016574614,-6.858108663
Contact,-11.02897858,-9.976026078,0.50111203,-3.230957148
Contact,-12.77394827,-7.917218019,1.592875631,-4.279313135
Contact,-11.56549161,-7.814681741,3.812073858,-3.09475669
Contact,-9.309450262,-7.473744336,2.46016733,-2.128438586
Contact,-8.876050971,-5.944427174,3.84423938,-4.973519669
Contact,-9.239923966,-9.175790507,5.119838457,-3.943623752
Contact,-9.388880509,-9.639455293,3.137134109,-2.464425213
Contact,-9.912972809,-11.36526205,5.528510811,-2.287979853
Contact,-9.145242449,-7.790460729,-3.921256484,-2.653406557
Contact,-6.146045928,-10.10371239,7.68720273,-4.420034567
Contact,-9.399498016,-5.968829173,0.329060805,-3.453896129
Contact,2.123918897,-8.459158981,0.649645798,-6.777398409
Contact,5.239639066,-7.891175081,-4.577915108,-5.855865669
Contact,0.659803709,-5.690708246,-0.379493033,-7.275196534
Contact,-1.113856641,-6.366435171,0.979020228,-7.167673322
Contact,-1.182308401,-7.402302354,1.341737384,-7.994108118
Contact,-2.793998389,-8.92145215,-4.790731261,-7.645304049
Contact,-4.513095115,-7.2559073,-2.881485188,-4.654245976
Contact,-2.626418152,-6.034113456,-2.917782361,-6.248652817
Contact,-1.704445656,-9.377450007,-0.686420039,-4.907453389
Contact,0.166934463,-6.755561083,3.158887487,-4.794140429
Contact,-3.68726909,-8.284296606,-0.012138958,-5.707640659
Contact,-2.637832868,-6.877394232,3.275212793,-6.480464667
Contact,-4.606570448,-8.057859805,-1.241261209,-6.060143432
Contact,-5.065237635,-7.964367626,-0.637964,-6.374791099
Contact,-8.707732633,-10.87943139,2.099299581,-8.331693834
Contact,-5.588183711,-12.18479069,10.37869117,-7.73075696
Contact,-7.381715813,-8.061778036,8.322681206,-8.017273771
Contact,-8.863976017,-4.101825888,3.533326748,-9.96931692
Contact,-10.70828656,-5.827689516,-0.777222465,-6.019133212
Contact,-7.297213017,-12.01675826,4.42179064,-5.948880266
Contact,-8.636202892,-13.15580994,4.856698678,-2.893631487
Contact,-2.638535366,-5.986823197,4.804681099,-8.472715915
Contact,-8.195017931,-9.432943864,-1.203323882,-4.817900754
Contact,-3.579111252,-10.17182925,5.768989259,-4.89421889
Contact,-6.591173063,-4.587425246,3.476205335,-6.328642466
Contact,-6.730805177,-6.914554936,2.902337866,-5.213848072
Contact,-2.595085029,-2.722080822,-0.611656723,-5.107012935
Contact,-7.988551579,-5.62318968,-0.078254159,-7.822645956
Contact,-6.274888714,-9.875019561,5.695834636,-7.042960493
Contact,-7.636691319,-9.449498302,7.170912097,-7.465466037
Contact,-7.708591519,-10.70536538,7.873171708,-5.58800913
Contact,-7.001306507,-10.10990191,5.81353695,-3.598243314
Contact,-7.845717407,-10.22540132,3.595175843,-2.827769363
Contact,-9.575784051,-5.922389739,2.572288833,-6.206127902
Contact,-8.806813645,-8.099782183,7.594555835,-5.715157411
Contact,-8.287250371,-10.09191188,7.791921234,-1.632991936
Contact,-6.31451349,-7.73840575,9.084930096,-3.977896433
Contact,-11.67155603,-3.343971454,-2.579103024,-6.420649506
Contact,6.171673924,-6.73820807,-3.919161026,-2.811462985
Contact,2.889427498,-5.188290111,-5.633287908,-5.756922248
Contact,11.00711941,-5.971346397,-1.473634554,-1.751915506
Contact,12.71276839,-7.621542375,-3.555988919,-3.554331356
Contact,9.197170089,-5.675160286,-0.554610298,-5.95267503
Contact,13.75080648,-5.90057455,1.601065481,-0.220926885
Contact,13.5369824,-6.811810436,0.392145959,-2.668802895
Contact,7.482862495,-6.327577247,-1.014400295,-6.405341389
Contact,8.78028162,-5.791620994,-2.305373946,-5.011327802
Contact,9.829608135,-9.022343056,-5.767079635,-4.18775441
Contact,7.517770213,-2.294549703,0.13003222,-5.270696199
Contact,7.025230727,-3.778526873,-2.576645404,-6.861297612
Contact,6.513823675,-4.951934009,-4.706176149,-7.406970844
Contact,4.335280119,-2.449018728,-3.100442616,-7.485875887
Contact,5.812018707,-1.350891054,3.133611686,-7.197384276
Contact,4.652765269,-3.661712431,-1.717710731,-6.604345146
Contact,7.439981917,-2.046521737,-2.532090858,-7.093386475
Contact,4.203056222,-3.786869383,-8.639568769,-8.424078903
Contact,2.043685801,-4.052904873,-8.920768319,-8.13567572
Contact,0.678915124,-1.145015883,-11.73027004,-7.661747706
Contact,4.042442551,-2.098729803,-7.689236141,-7.941333476
Contact,0.832486663,0.27237618,0.312816171,-6.763480482
Contact,-3.627567633,-1.739759841,-3.172330491,-8.151534671
Contact,-4.434316703,-1.38912999,-4.950857962,-8.377831862
Contact,4.266957767,-4.787734169,-3.540158816,-5.653118172
Contact,-0.305264661,-1.577775085,-3.355727134,-7.115794296
Contact,-3.195608579,-5.185196185,-0.656841698,-8.225231989
Contact,-3.815796871,-4.20632221,-7.372971541,-9.772372714
Contact,-4.899286448,-0.415714683,-5.812342417,-6.446933274
Contact,-5.217583534,-2.390115903,-1.918862574,-6.009006931
Contact,-6.536496414,-2.161077959,-3.246890771,-6.199356017
Contact,-6.434752056,-4.049302962,0.850870848,-3.754894614
Contact,-7.297543238,-6.166940838,-1.806532263,-5.038154012
Contact,-7.400042319,-4.007420415,-1.898247927,-8.403049516
Contact,-3.783426604,-7.577717121,-1.375708728,-1.888581042
Contact,2.302551731,-2.196031749,0.272530442,-7.336084729
Contact,-3.113596253,-2.558128863,2.034769905,-3.5402613
Contact,3.349103906,-5.759322001,-3.696748703,-4.324521415
Contact,1.653200667,-2.647550977,-4.068719715,-6.979037034
Contact,2.846605259,-1.465343775,-1.277673113,-9.130749849
Contact,11.1947641,-4.342005129,5.961341278,-5.253356195
Contact,7.434068445,-2.891317439,0.102721968,-6.557411167
Contact,6.333143924,-2.625532753,-2.528437526,-7.15082208
Contact,6.402562337,-1.832977092,1.361115139,-5.047537662
Contact,3.802742535,-4.257656045,-1.779915999,-5.670990924
Contact,8.705921388,-3.727747248,0.486900291,-6.824012204
Contact,-2.246798051,-1.896109832,-1.039768269,-6.581741239
Contact,3.147394907,-3.074424602,1.055099838,-6.668661718
Contact,2.236686479,-2.386525437,-0.27513952,-6.090018447
Contact,3.219344171,-1.508546902,0.802509476,-5.284658224
Contact,6.694320213,-1.709368175,-0.29588595,-5.414962737
Contact,2.395805314,-1.952604747,-4.191153551,-9.540120888
Contact,4.567176718,-5.103609914,-2.369826712,-6.647590169
Contact,9.137073638,-2.571968559,-3.541236114,-5.361251077
Contact,2.792808436,-4.657993729,-5.077786193,-6.444207386
Contact,5.412129279,-3.089321139,2.354301725,-6.238842349
Contact,4.764475854,-1.525490304,0.074138654,-7.968543538
Contact,-3.279761058,-2.387077323,1.187847128,-7.504892098
Contact,-3.530871202,-2.990276337,1.545140255,-7.028691723
Contact,-6.501473476,-5.074511066,0.535102952,-3.572479691
Contact,-5.705481023,-4.036830757,-0.931856952,-8.266435214
Contact,-4.303121321,-8.206822723,4.885988563,-5.599216803
Contact,-5.834385914,-5.10126695,2.637752192,-4.354653901
Contact,-5.6653556,-1.34143712,-2.87680957,-6.110999909
Contact,-0.381602583,-5.826744511,4.03115724,-4.819469819
Contact,15.24476425,-6.423709311,2.791663177,-3.335225756
Contact,12.24239342,-6.565444757,0.282939415,-2.381686928
Contact,10.14833638,-4.901506,0.389825034,-2.545375018
Contact,10.20680848,-9.093799223,0.450224062,-2.175666238
Contact,10.94319878,-5.123986941,1.058292186,-3.163511144
Contact,9.216160116,-8.223723844,-2.501457716,-2.698003316
Contact,13.23649474,-4.050156849,3.566214977,-3.638651851
Contact,7.573289768,-6.029964263,-7.786172596,-3.44756035
Contact,12.24971397,-8.30853167,2.993256265,-2.242294296
Contact,14.33047617,-5.7852915,4.108359854,-0.947758945
Contact,13.29553435,-9.72455249,0.278435189,1.840249071
Contact,12.33159481,-8.451301769,1.096810205,-1.694003185
Contact,12.50625639,-4.430871866,5.205826063,-3.760257539
Contact,10.72393134,-5.314487992,4.520894099,-3.450804501
Contact,12.69731598,-3.420067502,2.598180963,-3.055182379
Contact,7.731361244,-3.186605097,-3.966939416,-3.699715776
Contact,12.83429871,-3.699326038,1.156447728,-0.154443349
Contact,12.59285328,-7.524037932,-2.931916928,0.555626648
Contact,13.21647531,-7.272093922,4.98164766,-0.761117231
Contact,12.3683137,-5.44924953,0.403008103,-1.955379271
Contact,13.43121199,-7.316111307,2.900489315,-2.128996731
Contact,11.59671976,-6.10348897,2.10756915,-5.633373143
Contact,9.603058094,-4.69017492,-1.467635314,-7.425162983
Contact,6.557726834,-7.527996303,-2.248789911,-2.519051548
Contact,11.60786669,-5.791693886,5.069534155,-4.506828366
Contact,7.940261047,-5.116641495,-1.403255784,-7.739598715
Contact,7.312157679,-3.830925771,-2.361291348,-9.739649449
Contact,5.30841521,-5.266171872,0.868423129,-5.312277037
Contact,-6.274646577,-6.977593949,-1.269761733,-5.406881872
Contact,-6.936521544,-6.527390485,-2.237451468,-2.863145424
Contact,-1.852406321,-5.202722199,-1.291572075,-11.58172464
Contact,-2.528675377,-4.462473433,-0.696585668,-5.356973684
Contact,-4.818141754,-2.904414781,-8.016223145,-4.609725627
Contact,-1.596946151,-4.554887545,1.592415524,-9.222965264
Contact,-1.127262552,-3.576229162,-2.720269138,-5.329946854
Contact,-4.396109492,-5.914318934,-0.464536747,-2.757949197
Contact,-2.461635752,-2.843693164,-1.764008837,-6.880387717
Contact,-5.176397058,0.208529802,-4.772758491,-3.748998689
Contact,-7.187252186,-7.762658778,-6.42665532,-5.119662342
Contact,-7.259595294,-6.441977532,-8.38982677,-4.558735042
Contact,-9.871675584,-5.671052437,-7.134111014,-4.714263633
Contact,-5.948697041,-6.757566014,-3.879429261,-4.470153735
Contact,-8.416466176,-6.65450488,-5.315178641,-3.481404133
Contact,-4.95835546,-1.073547148,-4.023276869,-4.908785713
Contact,-8.801115362,-2.237074582,-7.682814883,-7.381521197
Contact,-8.766913601,-4.263545564,-4.551107072,-8.150945927
Contact,-9.67203025,-2.410976824,-3.238424708,-8.563514199
Contact,-12.08382722,-9.03909989,-3.419190312,-9.132323655
Contact,-7.810307055,-2.86336848,-4.579436791,-11.01115725
Contact,-9.596568759,-3.820987972,-6.866447673,-10.53133337
Contact,-10.56408571,-1.421035642,-7.215566241,-8.07661237
Contact,-12.99581943,-2.932942273,-7.350886993,-7.511158804
Contact,-10.55000351,-1.601549006,-3.280904047,-9.234587112
Contact,-12.38249438,-5.441839969,-0.346961527,-7.254978461
Contact,-10.46993763,-1.742809696,-2.025988391,-7.408573911
Contact,-12.18195711,-0.550879726,-4.617545239,-9.277401669
Contact,-11.23463108,-1.192628075,0.34913804,-7.445149796
Contact,-12.73324349,-3.617147943,-3.023757192,-9.30649229
Contact,-12.26660907,-2.833146978,-6.974482962,-9.721521146
Contact,-11.60863547,-1.534012671,-3.642519553,-5.766133369
Contact,-15.42782663,-3.332388043,-4.999871119,-5.476852167
Contact,-14.35886311,-2.746482771,-5.092845815,-4.972652096
Contact,-13.55336224,-5.388432551,-0.825309969,-4.861441177
Contact,-13.70955441,-2.640817421,-4.75483004,-5.418182553
Contact,-14.64862752,-5.72219235,-5.462707576,-3.240291474
Contact,-15.11756381,-4.215432128,-7.031994132,-4.43743914
Contact,-14.8705463,-5.561268855,-5.625935858,-4.76604157
Contact,-14.55294628,-4.456140201,-4.253297834,-5.457661535
Contact,-15.87544316,-6.492829843,-7.797973105,-4.191856035
Contact,-14.45669537,-2.69342175,-7.100223163,-5.954629035
Contact,-13.5780574,-2.933791498,-5.345868206,-5.471848202
Contact,-12.83255522,-1.838480779,-6.478577769,-8.4375099
Contact,-12.94966979,-3.436184839,-2.310185642,-8.25098228
Contact,-13.35583919,-4.005371322,-5.129211651,-8.486588077
Contact,-9.483047637,-2.710050212,-3.141650491,-7.215400192
Contact,-14.69718912,-3.150418864,-4.865228021,-6.209938518
Contact,-14.01644495,-4.080783818,-3.012375879,-4.647286228
Contact,-11.38296594,-3.280782151,-0.818052151,-6.946846092
Pleasure,0.950007679,10.38526474,6.184758385,1.735886026
Pleasure,-7.916504795,13.45451851,-8.822361691,0.435559129
Pleasure,6.041715866,17.33676161,4.595780418,-2.909284528
Pleasure,4.639664011,14.17437835,1.463628809,2.196271166
Pleasure,2.942010876,13.98019201,0.182882531,1.232449876
Pleasure,1.972652594,16.09005698,-2.402995057,0.450079346
Pleasure,6.448974707,13.17758887,6.203260323,2.099210188
Pleasure,-2.955749174,15.33004566,-4.819631729,2.114881452
Pleasure,5.252432934,12.83811733,5.794710756,7.156244136
Pleasure,0.498071617,19.16556114,-2.751189257,3.345217846
Pleasure,2.689315747,16.41922413,5.707115753,3.260076331
Pleasure,-4.377452357,19.03735446,-10.96012995,-0.295590148
Pleasure,0.430597163,16.81222142,-3.334113636,1.529607297
Pleasure,9.75927013,16.82979921,3.713565337,-1.359228681
Pleasure,5.504071406,18.20382272,-5.546690791,-1.776588623
Pleasure,5.110689016,13.46332935,-0.101534329,0.764939613
Pleasure,2.806823159,12.82318388,4.536502676,7.002755711
Pleasure,4.323883133,17.80348914,0.71735149,-2.95966794
Pleasure,5.086723828,17.541036,-1.678541051,-0.628405989
Pleasure,5.053920113,13.53066187,5.726336914,0.375050943
Pleasure,-0.349420813,7.935525851,0.719069015,10.18465504
Pleasure,3.368197508,13.04552467,3.012964538,3.642404476
Pleasure,7.621514372,12.09300624,5.138467367,3.291593189
Pleasure,6.844140432,14.00901154,4.124988025,5.645290382
Pleasure,-2.812417417,10.93123234,-9.37136083,0.93328134
Pleasure,3.510864376,15.29033659,-9.488268278,-3.653802803
Pleasure,6.212168251,16.88522094,-8.813199428,-0.317990293
Pleasure,5.472289862,11.93115441,4.267962233,3.436296126
Pleasure,3.754854663,14.92717169,0.421876672,3.220313952
Pleasure,0.527700277,11.20223492,-2.033945397,7.440045025
Pleasure,3.88415562,9.437302169,3.928343532,5.837804572
Pleasure,7.924551868,15.36502957,1.455495552,-3.861592588
Pleasure,7.444896823,16.87929669,1.763533969,-4.925968016
Pleasure,10.19253538,15.61336693,5.975641069,0.320867093
Pleasure,9.608507122,13.64173285,4.292105625,-4.550805548
Pleasure,6.935362638,14.46001505,4.91875201,1.182617671
Pleasure,11.74085194,12.21344949,6.542908493,0.207952241
Pleasure,11.56279941,16.12549186,7.701429989,-3.637046333
Pleasure,10.50871931,16.13251043,6.260839793,-4.741305105
Pleasure,12.35805587,17.51864123,6.532486442,-8.526586217
Pleasure,7.746951746,15.98343193,2.995539187,-5.583362606
Pleasure,11.3964521,15.7973025,7.076373646,0.682396622
Pleasure,12.77900196,15.02302113,7.245980508,2.445907748
Pleasure,1.47212362,18.86411545,-5.724129385,-0.179734684
Pleasure,13.43707676,15.76312863,4.489742537,-6.063055212
Pleasure,1.42320983,16.62872815,-2.286224413,-1.973774398
Pleasure,-1.952879373,17.04101614,-5.047558078,0.486177366
Pleasure,7.874169584,17.1118845,3.100151446,-5.740036242
Pleasure,5.709770737,14.08315949,5.556087582,2.488554497
Pleasure,11.72270173,17.75596742,7.651236007,-3.259565855
Pleasure,5.127245006,14.33910568,6.284599775,0.258485629
Pleasure,6.214676464,15.94293071,5.445826244,-2.922642352
Pleasure,3.064712663,16.73705952,-1.93359287,-3.10332273
Pleasure,8.593242008,15.72852782,11.02920099,-6.525070805
Pleasure,11.12332611,14.27359603,10.57012466,-2.68428772
Pleasure,2.936120306,15.6250843,-7.249001598,-2.369516371
Pleasure,16.21255331,8.799125801,15.98002487,-2.994942671
Pleasure,13.0264211,11.23741978,12.8673206,-1.426813979
Pleasure,14.02190552,17.08288478,9.792718376,-1.856516304
Pleasure,-0.170161081,14.40750074,0.62169237,0.374615804
Pleasure,1.411762208,14.97811718,3.280976506,3.166892044
Pleasure,1.309215055,16.65327588,2.671722294,3.145936502
Pleasure,0.90623976,15.46276789,2.549346124,3.455391999
Pleasure,-0.234844801,14.83342162,2.626270584,2.633651743
Pleasure,2.628344097,15.10820539,-0.009633998,-1.423508355
Pleasure,3.714858058,16.28446982,-1.105478852,-3.413324674
Pleasure,-4.239802496,11.78982225,-8.60944143,4.050434708
Pleasure,-3.957380953,14.11452246,-12.85788035,0.591462587
Pleasure,-4.793351102,11.61368729,-8.152662869,2.636938792
Pleasure,-5.855710989,14.41456869,-11.25689197,2.093685014
Pleasure,-3.917122912,14.71087691,-8.159176054,-0.241336145
Pleasure,-0.439037627,14.48854411,-7.157188907,-0.291502515
Pleasure,-1.30595805,14.61203654,-6.88568186,2.483089902
Pleasure,-2.494100379,16.47545452,-7.102549745,1.47957303
Pleasure,-2.775130738,13.66145096,-9.954158944,0.770362663
Pleasure,1.129406782,18.13264464,-3.246073068,1.621157107
Pleasure,-4.269169922,17.17690074,-14.24286358,-0.182144945
Pleasure,-1.735115001,11.75343625,-10.47726558,-0.18650066
Pleasure,0.320920172,14.2572423,-4.002425052,2.450321665
Pleasure,0.154691314,15.30101373,-2.699477727,2.725051744
Pleasure,1.183609624,11.7401252,0.828613629,4.420432911
Pleasure,4.314768834,15.26046941,3.665299928,-1.285965136
Pleasure,2.485525236,18.82003921,5.339326804,0.661698816
Pleasure,2.026531325,18.81925197,2.058131739,0.879303417
Pleasure,-2.318394265,17.58306326,-2.930026792,-0.244351678
Pleasure,-3.07322817,18.26894543,-7.112506302,-2.695088963
Pleasure,0.142701778,17.71857879,-1.690736412,-3.141648811
Pleasure,-6.674572498,15.834129,-10.12718968,-0.446234523
Pleasure,-7.726452439,13.65152737,-9.785962944,5.621018861
Pleasure,-8.039245527,15.31328957,-13.41085505,1.188988724
Pleasure,-5.638120528,15.47540897,-10.04881648,1.516994055
Pleasure,-3.694793293,14.65621176,-7.850352401,-1.092825533
Pleasure,-3.945027363,15.18700072,-8.450309297,2.581056595
Pleasure,1.441655479,16.42396207,0.425747099,2.460345126
Pleasure,0.983375338,16.17912352,-1.739745444,3.01670753
Pleasure,-0.745095681,13.53431181,-3.849234303,-0.028313716
Pleasure,-1.89470361,17.20614242,-12.26982679,-3.692710069
Pleasure,-3.979474274,16.94230272,-8.477916239,-2.342482244
Pleasure,-4.786912413,17.63513437,-8.843435103,-0.544387824
Pleasure,-0.094994834,13.48923211,3.320255529,2.099607867
Pleasure,-7.40267986,13.70346723,-8.447494216,3.036644201
Pleasure,-4.694654907,17.61250051,-5.260090268,0.18865535
Pleasure,-5.326457177,16.16315608,-3.61739228,2.343136275
Pleasure,-4.976334964,14.942029,-5.508685107,1.934924585
Pleasure,-7.457138155,17.28613106,-10.53291006,0.501406038
Pleasure,-5.573077973,16.36274519,-6.471598234,5.256456076
Pleasure,-9.68002325,12.55649855,-13.96159091,2.336467332
Pleasure,-7.39194552,16.03841624,-10.57876195,0.182174085
Pleasure,-6.65230614,15.72591218,-7.057897292,0.626576497
Pleasure,-3.091915528,14.24609909,-2.98110176,1.207785072
Pleasure,-7.676161951,13.55896265,-9.088758519,3.95903153
Pleasure,0.098955425,15.2530578,2.82263082,5.527280048
Pleasure,-5.912685977,16.54604953,-7.561034018,1.190118384
Pleasure,-7.400022979,11.6440573,-10.25578656,-0.382889046
Pleasure,-6.683245402,16.74297686,-8.552197568,-0.925335729
Pleasure,-0.783808569,17.09424353,-2.251721868,2.526875578
Pleasure,-4.395010961,16.46465239,-7.417310845,3.942744798
Pleasure,-2.452590831,14.97682274,-3.950664398,5.01490656
Pleasure,0.967525351,17.44959208,-0.698850305,-0.502934415
Pleasure,1.970771512,16.5173875,-2.70706659,-2.061260758
Pleasure,-0.095786736,16.23474572,-0.600817226,3.412943322
Pleasure,-2.656492702,17.1339252,-5.783721518,0.534996346
Pleasure,0.878615895,14.60902808,3.036076887,2.334448175
Pleasure,-3.03204395,15.19318392,-7.599038863,0.094733851
Pleasure,-3.774627889,17.42613455,-8.906336418,-3.067554733
Pleasure,-5.24389909,14.5327484,-8.627914423,0.46372657
Pleasure,-3.152972351,14.40439546,-10.42720012,2.736352713
Pleasure,-2.645580522,12.28513774,-6.413499357,4.331123943
Pleasure,1.11157069,17.04147752,-3.710780375,-3.025737812
Pleasure,-0.902489545,16.31226816,-4.807328577,-1.216483621
Pleasure,-3.66320651,15.46246571,-7.202322548,0.561942113
Pleasure,-1.725878423,15.32928592,-4.671514451,0.256461466
Pleasure,-9.876774803,16.16866295,-13.77265101,-0.264392321
Pleasure,-7.541628207,17.93262635,-10.27965453,0.945115237
Pleasure,-2.966689667,18.6208952,-3.736355118,1.195457991
Pleasure,-11.57074648,12.67480185,-12.73275442,2.689001749
Pleasure,-5.804843198,16.19135983,-7.524538277,2.868997267
Pleasure,-2.826953831,15.09904716,-7.14513243,-0.077035429
Pleasure,-8.834482224,14.68713107,-8.207690716,2.768065449
Pleasure,-3.834487464,15.33079113,-5.039013043,2.302330428
Pleasure,-6.174017843,13.71341841,-8.97729043,3.906239409
Pleasure,-0.800156837,17.78792855,-3.151545021,-1.303171816
Pleasure,-10.51777312,15.93888802,-13.11274231,1.294774736
Pleasure,-4.154175041,15.51784067,-7.372191028,1.023639608
Pleasure,-5.234505495,15.24397744,-10.25570366,-0.077054258
Pleasure,3.76950453,15.47165855,1.110128265,-0.816445249
Pleasure,0.883818478,13.8256067,-4.89897193,1.227417377
Pleasure,1.817578989,14.73104544,0.179417002,-0.89837955
Pleasure,-1.989335154,14.47379542,-8.277114881,-0.439156512
Pleasure,-6.734397045,14.82567296,-8.346231206,3.037253813
Pleasure,-5.549099489,17.32499016,-10.55346565,0.473734294
Pleasure,-9.034245406,12.4413568,-9.02583055,3.270531614
Pleasure,-2.248361176,15.82001515,-9.989267125,1.556798124
Pleasure,-3.797900828,14.52562283,-8.463575977,1.789702643
Pleasure,-4.335501557,15.75280719,-9.476177718,0.289111997
Pleasure,-9.095556504,15.51202742,-14.17265813,2.363028831
Pleasure,-7.819628308,15.56129579,-10.91647192,0.820879399
Pleasure,2.38112632,16.6868356,-0.72743059,0.087032911
Pleasure,1.176661898,18.31251581,-5.274923274,-4.91696898
Pleasure,-0.497663793,18.50976712,-2.803963671,-2.834833201
Pleasure,9.058649113,12.80833191,11.11151495,2.924252138
Pleasure,-3.586427266,17.57962404,-5.953654018,-0.002266735
Pleasure,0.776850092,15.90673199,0.147643441,3.105341647
Pleasure,0.303563275,17.97827581,-6.17403282,-1.318319807
Pleasure,-3.071052427,16.04600845,-7.523833486,2.331434913
Pleasure,2.784620872,17.45680388,-1.724884667,-1.305431578
Pleasure,-3.914410968,14.43161989,-7.329019874,0.79230802
Pleasure,0.144654984,16.03212361,-1.812666502,0.018045056
Pleasure,6.36680339,11.7445929,9.385631196,3.607358338
Pleasure,1.337616942,14.20089401,5.359714034,0.365690196
Pleasure,-1.477464902,14.89877841,-2.377704292,-1.821973254
Pleasure,2.508365914,15.56015559,-0.909059783,-1.798964434
Pleasure,-2.055476638,14.72588998,-4.454946381,-0.12198097
Pleasure,8.323959275,15.25165847,5.89122102,-1.627196365
Pleasure,7.140763198,12.9220623,1.716679384,-0.874543931
Pleasure,8.215185043,10.11510004,10.09102149,4.044751196
Pleasure,5.890013805,12.24226346,6.193103041,-0.415984901
Pleasure,11.94971322,11.83596343,11.69687062,-1.052592611
Pleasure,7.730009243,15.49725099,6.774613957,1.889029288
Pleasure,-0.758538837,9.8106659,-6.34020636,0.733371743
Pleasure,-4.059210896,12.35825546,-8.432893739,-0.030207895
Pleasure,9.43098532,13.74512557,9.261390819,0.351200617
Pleasure,3.126491499,12.45815131,2.592973853,1.660696145
Pleasure,7.292787521,14.22180395,3.771331144,-3.260079569
Pleasure,11.41481576,13.09613729,9.446756517,-1.56688523
Pleasure,15.18651947,16.3137565,13.01146037,-3.807904059
Pleasure,5.741992571,14.54113699,6.623153017,0.932864696
Pleasure,7.270054467,12.59536809,1.731502571,-2.146486512
Pleasure,-0.749841953,12.83456167,-3.294184944,0.368118019
Pleasure,-0.039869273,12.12991287,-0.482873533,0.946296646
Pleasure,0.313958127,10.392198,0.215818778,3.355628559
Pleasure,4.770165844,12.3195754,4.44925844,1.537402722
Pleasure,2.332291635,11.40855244,2.272876671,2.947049961
Pleasure,3.257811373,15.14743609,4.370193304,1.953319294
Pleasure,2.892331584,15.51112326,3.112761918,1.636844074
Pleasure,7.425639519,10.91954035,2.479369772,-1.868524313
Pleasure,10.83453048,12.31540641,7.833821223,0.193320404
Pleasure,10.05513531,11.8840725,7.786283183,2.133466572
Pleasure,7.48490428,12.90593591,5.768380884,0.091959203
Pleasure,6.976184672,11.09956926,5.972555802,1.745302211
Pleasure,3.879314105,15.20383116,3.360951573,1.631268091
Pleasure,-0.028482308,16.81934451,-0.393759657,0.90417572
Pleasure,1.967501404,13.73379801,2.442807519,0.890554052
Pleasure,13.65335238,13.27196666,16.62487513,0.828651005
Pleasure,-4.190744115,13.01233808,-4.06849311,-2.212001072
Pleasure,10.62237515,13.92863471,12.92042891,1.766635823
Pleasure,1.017890948,12.39714476,1.625410684,0.426458251
Pleasure,4.492755908,11.75828818,4.94271098,0.362132619
Pleasure,11.30130402,18.36451093,2.993567362,-7.788890728
Pleasure,11.03023987,15.0971309,3.303998961,-5.48301544
Pleasure,3.632089867,13.36424032,4.309498042,0.166812813
Pleasure,11.25654855,12.35403146,13.27271722,-1.297694432
Pleasure,4.146592269,11.34219248,-1.29946973,-1.420673947
Pleasure,4.826734427,12.76958901,0.568283433,1.111220141
Pleasure,2.060974497,11.46185045,1.488326628,2.054085825
Pleasure,2.574147662,17.51113498,-1.452840174,-4.152026548
Pleasure,-1.260506628,15.00607088,-0.635317053,2.636474661
Pleasure,4.655353867,11.13489952,2.172842471,-2.232383043
Pleasure,-0.894207308,16.23406706,-1.122998854,-0.528682626
Pleasure,-0.102696377,14.39745199,-2.539689233,-0.94662985
Pleasure,6.89993717,19.62392998,0.082469673,-7.435397128
Pleasure,7.872323525,16.26305351,6.188904672,-5.107748616
Pleasure,11.36455145,14.27402078,7.217513128,-6.126816595
Pleasure,10.34881825,16.16279304,9.227886333,-3.251927378
Pleasure,8.889397653,12.74012907,12.37411786,-0.490065061
Pleasure,11.2367227,15.97795317,13.73501163,-2.550044833
Pleasure,6.656667764,14.14880637,11.13149024,-0.190601533
Pleasure,9.079398263,17.1463491,11.88714419,-1.69345841
Pleasure,10.67197086,13.59460765,9.213745729,-2.994926656
Pleasure,8.547858165,16.33849378,7.457310275,-3.149555826
Pleasure,4.322930435,10.10731077,7.183295423,-2.078624106
Pleasure,8.960403391,13.81813989,10.70431971,-3.039710144
Pleasure,6.56588377,15.0283483,7.761122355,-0.963391631
Pleasure,6.37568176,10.89072414,9.434938415,1.885717634
Pleasure,14.95012165,14.00254278,18.94143735,-2.672648111
Pleasure,17.30293703,16.54235312,17.27076858,-5.507487072
Pleasure,13.09926393,12.26088067,15.29297228,0.716372682
Pleasure,14.19473065,15.51110006,13.22302576,-3.034971714
Pleasure,15.85209657,11.68293148,16.97255004,-2.0718122
Pleasure,10.54635964,9.622663427,11.33814971,1.337258074
Pleasure,8.489043788,18.13458076,1.190879725,-5.489882126
Pleasure,8.887649252,13.09351606,8.284083117,-0.825028283
Pleasure,5.746509782,16.33935925,3.004185217,-3.867275687
Pleasure,9.320107818,13.16692706,9.581873083,-2.837027849
Pleasure,8.829946953,9.391288848,11.71516944,2.038835568
Pleasure,7.917603558,12.99761123,4.963002564,-1.900957503
Pleasure,22.8165482,11.9576977,25.8373398,-0.974752643
Pleasure,19.67691755,10.68607791,21.86788963,1.878639792
Pleasure,26.17155039,8.26535882,29.16151317,0.117964586
Pleasure,24.03360687,9.401929142,26.023215,-0.77071073
Pleasure,18.81677901,-8.669537252,-4.21511427,5.535036989
Pleasure,18.32420039,-6.09647444,1.0942442,4.030924284
Pleasure,18.06924118,-10.92988779,-7.016346167,5.046091237
Pleasure,14.74267276,-8.228394577,-6.552177499,3.560866765
Pleasure,17.90159458,-6.180866078,0.095137608,3.230987833
Pleasure,16.43089945,-6.68771258,-5.222447151,3.244943953
Pleasure,20.63378412,-6.058583942,3.547756082,3.132790699
Pleasure,17.96598184,-7.415034718,-4.242486923,4.868870415
Pleasure,16.14079758,-9.411099073,-7.817336846,4.368657839
Pleasure,18.51954455,-7.624179931,-0.870394127,2.190410797
Pleasure,18.71865281,-8.381078523,-1.857666357,5.415941138
Pleasure,16.97216732,-7.65885668,-5.802232854,2.974852449
Pleasure,17.74419653,-6.526500562,-3.928321255,5.535596843
Pleasure,15.34228068,-6.20860248,-2.949995015,3.837065573
Pleasure,17.75613099,-6.17262166,-0.511758824,2.299136357
Pleasure,16.88501578,-8.602984835,-9.818883223,3.725330284
Pleasure,17.78981255,-9.282522302,-6.780945238,4.48472629
Pleasure,18.20400318,-6.226232518,-10.14488065,3.470565169
Pleasure,17.10623199,-7.96429912,-10.2909181,4.571862461
Pleasure,17.25028735,-4.868960324,-1.563685158,-0.306733804
Pleasure,18.02746266,-6.461599608,0.404878716,2.23667582
Pleasure,18.01479629,-6.454921812,-3.431250574,2.350161442
Pleasure,15.91395319,-4.046536967,-4.874216131,0.632349046
Pleasure,19.20547284,-6.938942425,-1.651835528,2.063918589
Pleasure,15.36651028,-7.15752353,-4.829811242,1.24279019
Pleasure,16.12333152,-2.155133895,-7.84641069,0.509025699
Pleasure,15.5866097,-5.429925785,-4.425473752,3.498278102
Pleasure,14.08159523,-3.838257126,-2.379324474,3.143976562
Pleasure,19.74053552,-7.130439188,-1.349670476,5.130857961
Pleasure,18.48921936,-5.742139534,0.540646204,4.054524973
Pleasure,19.0911166,-3.944538985,1.177622436,3.577077955
Pleasure,16.18997089,-9.306514687,-6.02957014,5.199764658
Pleasure,15.25279496,-5.478685678,-1.080835475,0.005666552
Pleasure,14.30616182,-8.745356675,-10.60498949,1.548315956
Pleasure,18.08787563,-7.400792808,-2.326568733,1.554807104
Pleasure,19.14074049,-8.827764124,-7.625600147,4.640405113
Pleasure,17.44934687,-8.226419562,-7.414885923,4.299440897
Pleasure,20.77370898,-7.192937724,1.169521261,2.714974475
Pleasure,13.27532744,-8.454444972,-7.359123298,4.69825064
Pleasure,16.70993482,-8.978087172,-11.71321887,4.902965987
Pleasure,19.45175198,-4.697030722,-4.969102398,1.567930405
Pleasure,16.10920654,-6.110347724,-12.19692547,-1.010579751
Pleasure,17.85862278,-5.39087734,-1.776671658,2.810912698
Pleasure,16.19863238,-7.139669804,-8.837142509,2.375219666
Pleasure,18.72190843,-5.921142632,-0.193171932,4.456337182
Pleasure,17.86255909,-2.379363378,-1.461300417,1.467165699
Pleasure,10.91307497,-1.064194745,-13.13386731,-2.17868952
Pleasure,19.67761324,-6.968743831,-0.041782285,2.597873282
Pleasure,17.22856672,-3.768320822,0.113998368,2.021582179
Pleasure,16.30668413,-5.420133859,1.135946366,2.728983949
Pleasure,20.97818397,-5.19428612,-2.750009971,5.766747135
Pleasure,18.57468451,-5.607079948,2.834901971,4.92498153
Pleasure,21.30888212,-7.863302817,-0.047292475,6.516350493
Pleasure,16.65279478,-5.446032517,-4.242284656,4.465847254
Pleasure,12.32040648,-4.452871042,-9.484614609,0.664490615
Pleasure,12.63798736,-6.25257223,-7.467808268,-0.577306879
Pleasure,11.18827252,-2.269972534,-3.168010201,-1.164125162
Pleasure,17.70145771,-4.242355593,1.040559446,2.577847245
Pleasure,18.10416842,-6.50792355,-2.866547379,4.761649897
Pleasure,18.8947588,-5.811177911,-3.165567382,2.201557535
Pleasure,17.89419326,-6.015188624,-5.509164606,0.620648052
Pleasure,15.88377228,-3.459030186,-3.930045274,0.391893227
Pleasure,18.65135674,-5.583299722,3.905033075,2.421246456
Pleasure,18.32982461,-5.821994514,-2.873911472,2.937297097
Pleasure,16.5811992,-6.578928692,-2.375040661,1.924233671
Pleasure,17.85579839,-6.965377554,2.335958432,2.90005794
Pleasure,14.35415016,-4.82518379,-4.082000478,1.997166547
Pleasure,15.04742273,-6.949340591,-6.053230924,4.906376989
Pleasure,13.75194104,-4.615022565,-4.057205809,2.179978015
Pleasure,13.86797931,-5.545402333,-11.38749217,3.644475878
Pleasure,14.55395972,-0.974434114,-2.740455432,0.744662506
Pleasure,15.13339548,-4.586269631,-6.150754097,0.591322483
Pleasure,14.23942038,-2.55451623,-2.91920302,1.969210733
Pleasure,16.72279319,-5.315405477,-9.115071399,4.096482062
Pleasure,19.31807153,-5.427969776,-0.03009245,4.6244173
Pleasure,15.17326755,-7.6727071,-6.913216056,4.490141691
Pleasure,18.59648221,-6.461685234,2.283781852,5.046098807
Pleasure,16.53381889,-6.825508317,-1.561809447,2.53985972
Pleasure,13.62811811,-5.396490366,-12.08472612,2.516373115
Pleasure,16.18323236,-5.383841535,-2.182750795,2.784806142
Pleasure,18.62979525,-4.721785822,0.361093544,3.720059811
Pleasure,16.80517952,-7.765749456,-4.089097771,3.152945302
Pleasure,15.00548134,-5.216088601,-2.38914665,0.90459936
Pleasure,15.53881216,-6.283236174,-7.513448903,3.444211821
Pleasure,16.14060021,-6.876028151,-5.677187218,6.491934601
Pleasure,19.30589801,-9.549439748,-1.944762667,5.033577209
Pleasure,19.29096958,-6.880247741,2.933582447,2.718755302
Pleasure,14.35212607,-5.815187032,-8.63058834,4.044640296
Pleasure,19.47683681,-6.170058998,-0.024108165,2.006524068
Pleasure,19.75966125,-7.273115849,2.901257993,5.201005481
Pleasure,17.08736656,-7.882221453,4.069212845,3.76341605
Pleasure,20.91199472,-5.973862508,5.906414898,2.305060262
Pleasure,19.94316517,-5.296523858,4.639030912,2.108817481
Pleasure,20.17512237,-7.561665408,1.849089359,4.66737337
Pleasure,17.17442218,-6.350380151,-3.009408381,4.573688077
Pleasure,16.22980935,-4.314425577,1.617889591,3.7211848
Pleasure,16.81185275,-7.583932386,0.061709978,5.299918306
Pleasure,18.28005013,-5.530001185,1.836682587,3.420692255
Pleasure,15.67181254,-6.142433187,-1.680804784,-0.481276583
Pleasure,18.17861303,-9.477853668,-7.931725448,3.61913899
Pleasure,17.58370823,-7.197058052,-1.761832433,3.881707234
Pleasure,16.82133918,-3.201224345,1.126234505,-3.805519828
Pleasure,21.15829123,-7.204654059,3.285488915,5.20496923
Pleasure,13.8712918,-7.865602162,-6.91247288,4.337282158
Pleasure,16.58874998,-5.056758306,0.465331715,2.124277583
Pleasure,16.1736455,-6.124294899,-6.329429757,3.836725664
Pleasure,21.12116861,-5.307882545,6.844928836,2.694258321
Pleasure,18.19557012,-6.442420034,0.226651357,4.34335952
Pleasure,18.11968525,-6.681501988,4.272734346,3.910370286
Pleasure,19.96139179,-7.130791494,0.593413816,1.932131242
Pleasure,17.83738044,-6.958810631,1.550303596,2.417239603
Pleasure,17.03267988,-6.556104421,-3.772180405,3.675525266
Pleasure,18.35167418,-6.078189251,-2.02958935,2.668147651
Pleasure,17.26224547,-5.976237535,0.158819206,5.021765304
Pleasure,17.81091649,-8.576949291,-3.957826526,2.381390259
Pleasure,19.07151501,-6.905610297,-2.856719616,5.904967031
Pleasure,18.35922631,-4.707520576,-0.913861208,3.739020897
Pleasure,16.59514589,-5.740631678,-4.813816192,4.276785178
Pleasure,20.15066923,-6.688511137,3.970636041,3.73718716
Pleasure,20.14576464,-6.660021467,1.861292235,6.049558806
Pleasure,16.38559627,-5.286484268,-5.047459402,2.018450766
Pleasure,15.84036738,-8.780471361,-2.235189937,3.102780486
Pleasure,18.67253366,-10.76096146,-2.919193331,2.913309327
Pleasure,17.45569508,-8.279514904,-4.464053183,5.021933999
Pleasure,18.17662912,-5.753978287,1.398006502,2.396254237
Pleasure,18.14080592,-5.934679914,0.674932938,2.513441461
Pleasure,17.76306275,-5.839128131,5.838701103,1.551756455
Pleasure,20.39874433,-5.11281852,3.601693513,1.899976933
Pleasure,16.91653041,-7.699509614,-3.749254832,0.874434151
Pleasure,22.0911409,-5.02276874,7.431975241,1.090407419
Pleasure,13.96015906,-5.388047862,-5.670590907,1.581438663
Pleasure,18.71505244,-7.835563735,7.393309107,1.715601252
Pleasure,20.73128925,-9.076704929,1.009487866,2.885951726
Pleasure,17.6397833,-8.022554071,0.930306568,3.964056924
Pleasure,12.92909994,-6.849657149,-2.680450097,2.983274484
Pleasure,12.40412904,-2.845335897,-6.159371967,-0.991940846
Pleasure,13.73891515,-5.346802896,-4.686915049,1.40539065
Pleasure,9.911343556,-2.265871696,-7.6622214,-2.397464586
Pleasure,16.04548325,-3.344227142,-2.273383193,1.410383491
Pleasure,14.24933621,-5.810533095,-1.898152142,2.038304193
Pleasure,12.89932621,-5.171799826,-6.935295377,1.536411094
Pleasure,16.09519516,-4.732698282,5.285709619,1.087498624
Pleasure,16.83300147,-5.308287443,0.329899493,3.225931816
Pleasure,16.66657923,-6.566721155,-1.895391078,2.165902082
Pleasure,14.89889684,-5.745730093,-3.577720551,1.126074578
Pleasure,16.77696455,-6.664647109,0.70915515,3.274286082
Pleasure,20.28727462,-5.233424776,9.797355733,1.959917008
Pleasure,16.16948406,-6.50604192,-2.354741248,1.889913508
Pleasure,19.69734791,-8.633047883,1.958859478,4.736718893
Pleasure,16.60903674,-5.780269014,2.368006164,3.323591047
Pleasure,15.80014954,-6.31505905,-7.339306096,2.918396874
Pleasure,16.86799444,-6.562227813,-6.215602147,4.118895243
Pleasure,15.28669736,-8.157023367,-5.802454184,2.04320617
Pleasure,14.79918418,-4.067792421,-5.053366747,-0.51140313
Pleasure,15.39955563,-8.005165149,0.611987583,1.709158899
Pleasure,21.49088648,-6.70541573,6.178578948,3.710749557
Pleasure,14.57448474,-6.432416579,-7.276814752,3.70263291
Pleasure,17.23417277,-7.036885375,-2.543581905,2.332095281
Pleasure,18.5180438,-3.839361899,-1.404740634,0.661529792
Pleasure,19.09481825,-4.720818563,1.714163905,2.510383007
Pleasure,18.34298175,-8.76790192,-1.744321599,2.469065426
Pleasure,17.38228326,-8.540065142,-6.427233109,3.891105413
Pleasure,15.29964451,-8.400389539,-8.670789596,2.188609984
Pleasure,18.96692756,-8.581214086,-0.691313961,5.156644041
Pleasure,19.20236017,-6.848401947,2.584334258,4.918784255
Pleasure,18.52295537,-7.232774376,2.292690315,4.262372235
Pleasure,18.20997436,-6.932478086,-0.382636388,5.762541438
Pleasure,20.41451795,-8.369001837,5.017492624,4.17381798
Pleasure,14.42608781,-6.876532375,-1.301746355,2.370566738
Pleasure,15.7404271,-7.203335629,-1.31511192,2.427851409
Pleasure,14.1851531,-8.093451108,-5.63949347,0.750220654
Pleasure,19.4987919,-6.824267884,8.671642698,3.298318805
Pleasure,14.3935141,-7.188202647,-2.064735735,2.374521395
Pleasure,16.29831455,-5.874910665,-3.978563365,0.166345156
Pleasure,15.51747509,-8.613463425,-4.860590442,2.382383588
Pleasure,19.21731788,-6.478141405,-4.119836742,2.516273693
Pleasure,16.34680601,-8.960517104,-1.126086014,5.397691593
Pleasure,16.23475257,-6.728136055,7.071839226,2.757754603
Pleasure,15.34351292,-6.536108815,-5.491274286,1.409693785
Pleasure,18.64414399,-7.398364436,-2.268504145,3.126572411
Pleasure,19.23134036,-9.554150251,4.320931536,7.237680508
Pleasure,16.76171231,-6.557021717,2.013830083,2.074330071
Pleasure,16.3913891,-4.395517841,0.227189569,2.493647718
Pleasure,13.81422718,-5.367757023,-4.362030024,1.001379705
Pleasure,18.15079819,-6.820190901,1.207932699,5.265123841
Pleasure,18.8177204,-7.788693039,1.470366427,3.224603889
Pleasure,16.65599244,-7.284927774,-7.933297039,3.003319933
Pleasure,9.980489223,-2.419174681,-9.682377405,-0.91994705
Pleasure,15.65519447,-5.640055379,-3.887346001,2.282013488
Pleasure,16.47343839,-2.875525941,-0.443719514,-1.608055172
Pleasure,16.8739111,-5.667719336,-2.106022297,3.293899081
Pleasure,17.80686265,-4.015369947,-1.161999498,2.471016132
Pleasure,22.88308353,-7.204211224,10.37766087,4.479837229
Pleasure,18.2054199,-1.841064065,-1.343741302,-0.318135042
Pleasure,14.93892842,-7.420559779,-3.403587349,1.297438679
Pleasure,16.91699167,-6.074090339,0.67762886,4.326072517
Pleasure,18.58793251,-4.818513534,3.905224449,3.390044914
Pleasure,18.36080716,-3.986228201,2.014796788,-0.289670705
Pleasure,14.83667072,-5.48389806,-4.743411735,2.874043288
Pleasure,17.28850508,-6.303614751,-1.846697123,1.128839401
Pleasure,18.0440114,-7.529427025,1.816597471,3.998132374
Pleasure,18.41076962,-3.528738603,2.428736337,0.752148818
Pleasure,17.18846347,-3.042264691,5.511976426,-1.621384663
Pleasure,19.0309776,-4.259984285,3.06917025,2.0920509
Pleasure,13.63825503,-1.570844399,-0.349495658,-1.133090948
Pleasure,13.94756008,-3.920063859,0.513168502,1.616821085
Pleasure,16.70660277,-6.107793834,2.241607771,0.859183709
Pleasure,14.77178186,-2.337104076,-2.620607081,0.344196329
Pleasure,16.26578434,-2.13074688,5.53508467,0.167746574
Pleasure,16.60172798,-2.750237561,5.234266469,1.27207598
Pleasure,19.25520599,-4.664984244,4.451454312,2.875902656
Pleasure,13.50771582,-2.835228214,-2.866173504,0.389393624
Pleasure,14.54605678,-0.283509186,2.308210693,1.151042776
Pleasure,9.245497965,1.602534423,-4.182967367,-1.75746728
Pleasure,14.03147436,-5.089209323,-14.72272784,1.384100343
Pleasure,10.3856796,-0.853526107,-0.362266901,0.918032031
Pleasure,14.95409547,-2.24044682,-2.458407754,0.401057887
Pleasure,10.52604784,-3.638777996,-2.105035921,0.077150133
Pleasure,12.12797722,-2.494007757,-1.948154398,-1.750858604
Pleasure,14.73693679,-6.515351685,-1.156088975,1.794442053
Pleasure,13.82354566,-3.67961517,-4.599304134,-0.457086368
Pleasure,15.61072754,-6.722099478,0.337149635,1.284337663
Pleasure,9.933937386,-3.754069543,-4.73203224,-0.452887379
Pleasure,15.15740713,-3.992378054,-0.631597188,2.562388006
Pleasure,19.43375517,-4.585395968,6.455934485,1.77844376
Pleasure,17.90787153,-5.215746663,0.160893391,2.085096219
Pleasure,17.10298336,-6.092367969,3.939806249,2.250860379
Pleasure,17.21556921,-7.140753382,-1.608153407,4.19214927
Pleasure,15.9221548,-7.792863578,0.881329973,2.006261234
Pleasure,20.25174681,-4.427007885,-0.178853937,2.194637223
Pleasure,17.95262048,-5.302652164,-0.400383841,3.142205471
Pleasure,18.49695899,-8.734838249,-2.55024247,5.14929999
Pleasure,16.75219299,-6.604807184,-2.417694253,2.970777457
Pleasure,17.09739523,-8.309527261,-4.134654598,3.594498609
Pleasure,16.74301787,-4.149754468,-3.122737402,0.78560055
Pleasure,14.25749032,-5.887991213,-6.285366751,3.488392665
Pleasure,17.18060067,-6.28093242,0.129782806,2.318325407
Pleasure,14.35255276,-1.225140903,-2.854812393,-0.976313192
Pleasure,11.65513717,-5.312302699,-12.01163422,0.916885833
Pleasure,15.805665,-7.882100417,-8.475838597,-0.9715328
Pleasure,12.34216313,-6.071071579,-6.116904408,-2.061413186
Pleasure,12.11849961,-5.376107323,-8.220031747,-0.404955428
Pleasure,15.37942792,-5.581978078,-1.139842375,-0.839936384
Pleasure,12.36484293,-4.020394784,-7.662966453,-0.267904975
Pleasure,10.88145618,-5.342539332,-18.38445774,-2.138638122
Pleasure,15.59022375,-7.129091116,-12.22797274,1.550849962
Pleasure,15.24131556,-6.708268107,-4.698017853,-1.012634812
Pleasure,17.29194797,-5.754860562,-9.086602166,-0.018384194
Pleasure,14.49004575,-5.790437448,-9.276344197,1.819508245
Pleasure,12.80446227,-6.843420157,-9.359039055,1.064419157
Pleasure,17.11629358,-7.558470312,-2.458588839,2.00097224
