category,duration,change,direction
pleasure,0.13,2153.32,520.28
pleasure,0.11,1862.62,584.8
pleasure,0.12,624.46,720.92
pleasure,0.13,1195.09,745.78
pleasure,0.11,1991.82,433.63
pleasure,0.11,721.36,867.16
pleasure,0.12,1647.29,686.37
pleasure,0.09,872.09,318.14
pleasure,0.12,829.03,572.13
pleasure,0.13,2131.79,713.31
pleasure,0.11,1819.56,613.14
pleasure,0.11,1711.89,753.24
pleasure,0.11,1033.59,726.64
pleasure,0.12,2444.02,381.56
pleasure,0.11,1162.79,813.33
pleasure,0.11,2239.45,624.06
pleasure,0.12,1173.56,503.83
pleasure,0.11,1431.96,842.39
pleasure,0.13,2282.52,605.16
pleasure,0.13,1130.49,425.43
pleasure,0.11,549.1,445.83
pleasure,0.12,796.73,597.11
pleasure,0.11,1981.05,716.42
pleasure,0.11,1044.36,763.52
pleasure,0.12,1981.05,761.74
pleasure,0.12,1195.09,664.38
pleasure,0.12,1335.06,497.65
pleasure,0.13,506.03,640.13
pleasure,0.11,1098.19,831.45
pleasure,0.12,1044.36,618.27
pleasure,0.14,1184.33,782.81
pleasure,0.09,1485.79,522.14
pleasure,0.13,452.2,578.81
pleasure,0.11,1119.73,722.66
pleasure,0.11,1313.53,828.72
pleasure,0.12,872.09,720.12
pleasure,0.11,1044.36,744.79
pleasure,0.15,592.16,24.62
pleasure,0.11,2131.79,559.14
pleasure,0.11,1776.49,623.68
pleasure,0.14,818.26,817.59
pleasure,0.11,915.16,755.35
pleasure,0.13,1550.39,444.19
pleasure,0.13,925.93,540.85
pleasure,0.13,689.06,466.53
pleasure,0.12,2282.52,8.98
pleasure,0.11,1733.42,744.85
pleasure,0.12,1022.83,686.28
pleasure,0.12,1378.13,554.77
pleasure,0.13,2379.42,497.1
pleasure,0.11,1528.86,706.66
pleasure,0.1,785.96,643.88
pleasure,0.11,2196.39,430.54
pleasure,0.11,1388.89,842.72
pleasure,0.11,2196.39,756.74
pleasure,0.11,1162.79,420.89
pleasure,0.1,1819.56,282.68
pleasure,0.12,1776.49,646.28
pleasure,0.11,1356.59,884.15
contact,0.27,3639.11,-491.53
contact,0.17,1485.79,-532.89
contact,0.19,2390.19,-837.38
contact,0.27,3725.24,-263.15
contact,0.16,1658.06,-652.94
contact,0.19,3649.88,-474.34
contact,0.23,3606.81,-884.7
contact,0.3,3283.81,-897.6
contact,0.2,1055.13,-687.82
contact,0.19,3542.21,-644.78
contact,0.22,3660.64,-1190.76
contact,0.23,3520.68,-663.74
contact,0.29,3832.91,-572.28
contact,0.2,3552.98,-459.97
contact,0.27,3337.65,-903.69
contact,0.21,3208.45,-944.13
contact,0.17,3499.15,-744.87
contact,0.27,3768.31,-941.01
contact,0.22,3660.64,-716.79
contact,0.26,2142.55,-862.48
contact,0.25,3671.41,-791.41
contact,0.32,3725.24,-702.22
contact,0.18,2702.42,-823.21
contact,0.22,1851.86,-1039.75
contact,0.29,2540.92,-1404.35
contact,0.32,3951.34,-1027.37
contact,0.3,3111.55,-505.61
contact,0.27,3133.08,-587.57
contact,0.31,3768.31,-932.37
contact,0.29,3886.74,10.76
pleasure,0.12,1894.92,711.82
pleasure,0.1,872.09,1017.1
pleasure,0.11,1098.19,845.89
pleasure,0.11,807.5,982.23
pleasure,0.1,1195.09,867.84
pleasure,0.11,1248.93,719.57
pleasure,0.1,656.76,1079.98
pleasure,0.12,656.76,917.37
pleasure,0.11,807.5,804.42
pleasure,0.1,1270.46,711.98
pleasure,0.1,1119.73,797.16
pleasure,0.11,1141.26,848.17
pleasure,0.1,1076.66,900.54
pleasure,0.1,635.23,583.54
pleasure,0.11,1485.79,876
pleasure,0.12,1302.76,937.74
pleasure,0.11,1076.66,837.57
pleasure,0.09,1313.53,472.04
pleasure,0.09,1367.36,638
pleasure,0.12,1679.59,758.99
pleasure,0.11,1388.89,808.23
pleasure,0.1,958.23,724.04
pleasure,0.11,1701.12,743.26
pleasure,0.12,1195.09,859.05
pleasure,0.12,1291.99,576.17
pleasure,0.12,1378.13,921.2
pleasure,0.12,915.16,681.55
pleasure,0.11,581.4,929.91
pleasure,0.12,1485.79,932.15
pleasure,0.12,1259.69,840.23
pleasure,0.1,1561.16,838.45
pleasure,0.08,1205.86,454.5
pleasure,0.1,1561.16,708.05
pleasure,0.11,1076.66,867.59
pleasure,0.09,1001.29,927.82
pleasure,0.11,1367.36,745.56
pleasure,0.11,1496.56,555.61
pleasure,0.09,947.46,872.61
pleasure,0.1,1130.49,945.74
pleasure,0.11,1195.09,877.72
pleasure,0.11,1152.03,978.81
pleasure,0.1,732.13,778.25
pleasure,0.13,1421.19,709.25
pleasure,0.1,699.83,961.72
pleasure,0.11,807.5,640
pleasure,0.12,1658.06,829.9
pleasure,0.12,796.73,888.27
pleasure,0.12,947.46,764.21
pleasure,0.1,1431.96,921.4
pleasure,0.11,646,1028.02
pleasure,0.1,861.33,1040.21
pleasure,0.12,990.53,1058.89
pleasure,0.12,829.03,975.17
pleasure,0.11,1647.29,759.06
pleasure,0.11,1022.83,816.48
pleasure,0.11,872.09,758.33
pleasure,0.11,861.33,822.29
pleasure,0.1,1184.33,940.12
pleasure,0.1,872.09,895.83
pleasure,0.09,1270.46,956.6
pleasure,0.13,1162.79,782.2
pleasure,0.11,613.7,954.6
pleasure,0.12,775.2,686.81
pleasure,0.1,1571.92,803.05
pleasure,0.11,947.46,822.31
pleasure,0.11,1313.53,996.33
pleasure,0.12,570.63,741.73
pleasure,0.11,1378.13,782.59
pleasure,0.13,1431.96,994.23
pleasure,0.09,1098.19,788.82
pleasure,0.1,1291.99,963.73
pleasure,0.12,947.46,792.14
pleasure,0.12,689.06,686.45
pleasure,0.1,1119.73,969.52
pleasure,0.1,721.36,1187.16
pleasure,0.11,742.9,724.72
pleasure,0.13,893.63,855.65
pleasure,0.1,1345.83,893.32
pleasure,0.12,1658.06,604.32
pleasure,0.1,1162.79,846.89
pleasure,0.1,742.9,861.55
pleasure,0.11,1453.49,762.36
pleasure,0.12,1830.32,917.05
pleasure,0.09,861.33,646.02
pleasure,0.1,1302.76,907.58
pleasure,0.11,947.46,967.51
pleasure,0.11,1012.06,782.66
pleasure,0.12,1270.46,785.76
pleasure,0.11,1238.16,914.96
pleasure,0.1,1184.33,1037.37
pleasure,0.11,1948.75,820.76
pleasure,0.1,893.63,877.19
pleasure,0.1,1065.89,940.04
pleasure,0.12,1152.03,844.28
pleasure,0.1,1001.29,1080.36
pleasure,0.12,915.16,688.06
pleasure,0.1,506.03,876.95
pleasure,0.11,829.03,857.64
pleasure,0.11,1216.63,800
pleasure,0.11,1313.53,911.68
pleasure,0.12,1119.73,951.93
pleasure,0.12,1410.42,666.27
pleasure,0.1,1162.79,943.45
pleasure,0.09,1087.43,606.45
pleasure,0.1,1388.89,878.32
pleasure,0.1,1162.79,988.55
pleasure,0.1,1259.69,989.63
contact,0.36,2928.52,-87.86
contact,0.34,2767.02,-180.3
contact,0.34,3251.51,-307.19
contact,0.32,3068.48,-752.27
contact,0.29,602.93,-581.55
contact,0.37,2971.58,-607.98
contact,0.41,3197.68,-483.83
contact,0.38,3100.78,-337.19
contact,0.37,2971.58,-554.29
contact,0.37,3111.55,-473.77
contact,0.34,3003.88,-166.12
contact,0.32,3036.18,-272.01
contact,0.36,3176.15,-217.27
contact,0.36,3197.68,-237.49
contact,0.26,785.96,-95.12
contact,0.37,1076.66,-946.36
contact,0.35,2853.15,-556.87
contact,0.36,3176.15,-266.12
contact,0.37,2077.95,-892.45
contact,0.35,1076.66,-782.97
contact,0.34,1195.09,-348.92
contact,0.32,1496.56,-769.46
contact,0.33,2034.89,-278.26
contact,0.34,1378.13,-678.05
contact,0.32,1356.59,-322.11
contact,0.19,549.1,-252.97
contact,0.32,1367.36,-418.64
contact,0.33,2885.45,-641.03
contact,0.33,1701.12,-350.46
contact,0.35,667.53,-304.32
contact,0.25,484.5,-496.96
contact,0.3,1658.06,83.31
contact,0.25,1894.92,-19.69
contact,0.42,3133.08,-504.16
contact,0.28,3079.25,-547.57
contact,0.18,2304.05,-139.38
contact,0.41,3154.61,-352.77
contact,0.39,3046.95,-662.27
contact,0.39,2637.82,-337.28
contact,0.4,1798.02,-290.7
contact,0.36,2960.82,-313.07
pleasure,0.09,699.83,715.18
pleasure,0.09,1173.56,402.93
pleasure,0.1,893.63,650.39
pleasure,0.09,936.69,624.77
pleasure,0.07,872.09,427.93
pleasure,0.08,1173.56,555.94
pleasure,0.07,850.56,539.77
pleasure,0.09,699.83,601.64
pleasure,0.1,592.16,514.1
pleasure,0.09,1162.79,442.25
pleasure,0.07,979.76,590.23
pleasure,0.1,785.96,511.49
pleasure,0.07,1152.03,430.56
pleasure,0.08,979.76,674.79
pleasure,0.09,1604.22,677.39
pleasure,0.1,1108.96,515.33
pleasure,0.09,710.6,703.91
pleasure,0.08,979.76,716.16
pleasure,0.08,1022.83,307.12
pleasure,0.09,1119.73,641.45
pleasure,0.08,1065.89,486.71
contact,0.34,2142.55,-410.5
contact,0.34,2282.52,-331.53
contact,0.34,904.39,-381.57
contact,0.22,527.56,-520.96
contact,0.33,829.03,-305.1
contact,0.31,1851.86,-429.39
contact,0.24,1916.46,-182.13
contact,0.22,2648.58,-300.1
contact,0.22,2099.49,-560.22
contact,0.21,1141.26,-637.88
contact,0.3,1711.89,-598.2
contact,0.3,2745.48,66.95
contact,0.3,1205.86,-464.37
contact,0.3,1733.42,-260.45
contact,0.3,721.36,-411.06
contact,0.3,2400.95,-151.22
contact,0.25,613.7,-658.74
contact,0.27,990.53,-524.05
contact,0.26,2336.35,76.25
contact,0.35,2993.12,-104.14
contact,0.37,2465.55,-345.16
contact,0.37,2885.45,-629.79
contact,0.32,1356.59,-373.16
contact,0.34,1216.63,-498.37
pleasure,0.08,1098.19,602.23
pleasure,0.1,1141.26,524.63
pleasure,0.11,1281.23,609.65
pleasure,0.11,1022.83,644.09
pleasure,0.11,646,519.97
pleasure,0.09,968.99,609.44
pleasure,0.11,1259.69,525.44
pleasure,0.12,1055.13,365.1
pleasure,0.09,1076.66,495.51
pleasure,0.14,893.63,511.72
pleasure,0.08,1001.29,656.88
pleasure,0.09,775.2,597.46
pleasure,0.13,1001.29,344.3
pleasure,0.09,1399.66,731.65
pleasure,0.11,710.6,696.82
pleasure,0.12,785.96,527.72
pleasure,0.12,947.46,618.16
pleasure,0.1,915.16,781.52
pleasure,0.1,1087.43,363.36
contact,0.28,2067.19,-481.01
contact,0.32,2293.29,-580.05
contact,0.31,2465.55,-566.02
contact,0.33,1808.79,-584.42
contact,0.35,1916.46,-682.38
contact,0.26,1496.56,-466.78
contact,0.36,2713.18,-430.93
contact,0.33,1884.16,-650.26
contact,0.31,2067.19,-678.97
contact,0.32,1862.62,-341.52
contact,0.31,2056.42,-676.79
contact,0.32,3326.88,-436.99
contact,0.33,2594.75,-704.08
contact,0.28,2605.52,-607.83
contact,0.34,2024.12,-524.6
contact,0.3,2605.52,-372.84
contact,0.24,2670.12,-513.26
contact,0.34,2196.39,-140.51
contact,0.34,2067.19,-336.1
contact,0.33,1916.46,-664.28
contact,0.29,2260.99,-355.38
contact,0.28,2874.68,-388.49
contact,0.3,3068.48,-765.9
contact,0.3,2616.28,-360.87
contact,0.29,3003.88,-718.74
contact,0.28,2174.85,-1051.86
contact,0.32,3046.95,-455.26
contact,0.3,1475.02,-416.81
contact,0.39,3143.85,-525.16
contact,0.28,2271.75,-752.46
contact,0.37,2013.35,-578.01
contact,0.33,1830.32,-670.89
contact,0.3,1442.72,-374.18
contact,0.32,1647.29,-329.9
contact,0.31,1076.66,-521.59
contact,0.32,2368.65,-641.11
contact,0.34,1776.49,-543.77
contact,0.36,2627.05,-268.3
contact,0.34,2411.72,-517.12
contact,0.34,1679.59,-643.08
contact,0.34,1808.79,-627.11
contact,0.33,3273.05,81.21
contact,0.31,2917.75,-566.77
contact,0.34,3176.15,-407.98
contact,0.32,2368.65,-462.78
contact,0.26,1754.96,-157.66
contact,0.33,2444.02,-569.64
contact,0.34,3003.88,-500.27
contact,0.32,3057.71,-358.74
contact,0.33,3133.08,-282.92
contact,0.32,1905.69,-631.38
contact,0.23,2982.35,-592.05
contact,0.31,2185.62,-682.35
contact,0.38,3542.21,-631.89
contact,0.38,3413.01,-609.5
contact,0.37,3542.21,-524.35
contact,0.31,1711.89,-561.91
contact,0.36,3552.98,-323.57
contact,0.36,2906.98,-528.71
contact,0.28,2164.09,-501.16
contact,0.36,3283.81,-591
contact,0.34,2777.78,-560.63
contact,0.37,3251.51,-801.92
contact,0.36,2121.02,-520.87
contact,0.34,2260.99,-268.79
contact,0.31,2077.95,-544.68
contact,0.29,2950.05,-191.91
contact,0.24,430.66,-681.47
contact,0.31,2616.28,-567.53
contact,0.32,2196.39,-607.53
contact,0.35,1388.89,-600.72
contact,0.31,1130.49,-560.03
pleasure,0.11,236.87,737.9
pleasure,0.11,1033.59,753.02
pleasure,0.12,2067.19,150.14
pleasure,0.12,710.6,633.59
contact,0.39,1001.29,-655.88
contact,0.38,893.63,-531.4
contact,0.42,915.16,-611.53
contact,0.31,2982.35,535.22
contact,0.38,710.6,-576.91
contact,0.37,1281.23,-688.5
contact,0.38,2691.65,-633.37
contact,0.36,2680.88,-225.22
contact,0.38,2497.85,-280.5
contact,0.37,506.03,-537.88
contact,0.39,2121.02,-447.45
contact,0.37,549.1,-528.57
contact,0.4,925.93,-960
contact,0.28,2734.72,-135.7
contact,0.37,2562.45,-568.24
contact,0.39,1302.76,-593.7
contact,0.41,2379.42,-917.6
contact,0.37,2777.78,-600.22
contact,0.35,2551.68,-523.82
contact,0.38,2637.82,-638.67
contact,0.32,2767.02,-551.74
contact,0.35,2174.85,-388.17
contact,0.37,2002.59,-624.59
pleasure,0.14,527.56,524.91
pleasure,0.14,689.06,352.36
pleasure,0.18,1356.59,477.48
pleasure,0.13,785.96,856.04
pleasure,0.12,376.83,838.85
pleasure,0.12,667.53,666.02
pleasure,0.15,764.43,392.89
pleasure,0.13,1076.66,844.07
pleasure,0.16,829.03,511.23
pleasure,0.14,1141.26,833.37
pleasure,0.15,829.03,800.38
pleasure,0.12,1173.56,885.16
pleasure,0.16,484.5,524.2
pleasure,0.15,1065.89,527.98
pleasure,0.13,1098.19,632.44
pleasure,0.13,958.23,605.27
pleasure,0.13,936.69,460.55
pleasure,0.11,796.73,873.58
pleasure,0.12,829.03,395.32
pleasure,0.11,1173.56,489.61
pleasure,0.16,925.93,736.25
pleasure,0.15,656.76,427.97
pleasure,0.13,1259.69,460.48
pleasure,0.12,484.5,775.46
contact,0.41,430.66,-548.58
contact,0.42,344.53,165.41
contact,0.44,2530.15,-219.21
contact,0.43,549.1,-654.66
contact,0.42,441.43,-619.7
contact,0.43,1496.56,-795.04
contact,0.34,2519.38,-543.49
contact,0.34,3100.78,-682.12
contact,0.31,3057.71,98.9
contact,0.31,2842.38,-487.93
contact,0.43,839.79,-547.85
contact,0.33,2562.45,-604.85
contact,0.3,2917.75,-257.05
contact,0.43,1507.32,-586.38
contact,0.41,1119.73,-244.08
contact,0.41,1302.76,-721.27
contact,0.4,2745.48,-368.86
contact,0.47,2444.02,-570.33
contact,0.44,2993.12,-197.15
contact,0.44,1959.52,-505.68
contact,0.37,1798.02,-420.94
contact,0.37,2347.12,-294.17
contact,0.33,2810.08,-387.6
contact,0.32,1991.82,-567.1
contact,0.41,1948.75,-740.38
contact,0.4,850.56,-628.89
contact,0.42,699.83,-667.08
contact,0.41,549.1,-660.08
contact,0.37,2390.19,-202.37
contact,0.43,570.63,-295.21
contact,0.38,570.63,-477.58
contact,0.4,559.86,-726.82
contact,0.38,538.33,-246.36
pleasure,0.11,1453.49,343.64
pleasure,0.13,1614.99,491.01
pleasure,0.13,1475.02,421.98
pleasure,0.11,1205.86,699.24
pleasure,0.1,1302.76,548.42
pleasure,0.12,753.66,782.54
pleasure,0.1,850.56,596.42
pleasure,0.11,1098.19,433.88
pleasure,0.14,1313.53,383.99
pleasure,0.12,1604.22,384.18
pleasure,0.09,1453.49,523.38
contact,0.28,3240.75,-213.8
contact,0.34,3316.11,-219.96
contact,0.31,3520.68,-396.96
contact,0.3,3391.48,170.07
contact,0.34,2917.75,-893.75
contact,0.27,3380.71,-206.1
contact,0.32,3337.65,-720.1
contact,0.31,2950.05,-667.74
contact,0.29,1378.13,-430.2
contact,0.28,1055.13,-638.27
contact,0.27,2670.12,-354.26
contact,0.23,3003.88,-365.66
contact,0.3,1291.99,-468.14
contact,0.3,1431.96,-395.01
contact,0.25,1733.42,-429.63
contact,0.31,2325.59,-481.99
contact,0.29,3369.95,-358.07
contact,0.41,3219.21,-133.5
contact,0.33,2810.08,-795.66
contact,0.32,2260.99,-936.49
contact,0.29,3305.35,-596.76
contact,0.36,3348.41,-560.75
contact,0.32,3208.45,-556.43
contact,0.32,3057.71,-435.11
contact,0.34,3337.65,-105.36
contact,0.3,2293.29,-472.7
contact,0.35,2960.82,-315.78
pleasure,0.14,1582.69,661.06
pleasure,0.15,1604.22,397.49
pleasure,0.15,1561.16,472.54
pleasure,0.16,775.2,867.98
pleasure,0.15,882.86,842.11
pleasure,0.12,1173.56,243.67
pleasure,0.17,1937.99,443.45
pleasure,0.17,1518.09,217.73
pleasure,0.16,2013.35,278.8
pleasure,0.2,1765.72,54.52
pleasure,0.13,1410.42,244
pleasure,0.19,1733.42,64.95
pleasure,0.18,1744.19,67.86
pleasure,0.17,1593.46,278.15
pleasure,0.09,1528.86,171.43
pleasure,0.15,1625.76,43.93
pleasure,0.13,1582.69,197.53
pleasure,0.14,1614.99,210.38
pleasure,0.14,1658.06,100.03
pleasure,0.14,1518.09,121.19
pleasure,0.13,1647.29,99.61
pleasure,0.18,1668.82,101.88
pleasure,0.14,1690.36,103.69
pleasure,0.16,1367.36,188.5
pleasure,0.15,1205.86,174.81
pleasure,0.12,1593.46,225.3
pleasure,0.15,1367.36,396.42
pleasure,0.15,1614.99,227.59
pleasure,0.15,1507.32,323.04
pleasure,0.16,1442.72,396.51
pleasure,0.15,1679.59,252.05
pleasure,0.16,1690.36,366.73
pleasure,0.21,2207.15,399
pleasure,0.17,1550.39,385.77
pleasure,0.17,1614.99,488.83
pleasure,0.16,2013.35,312.17
pleasure,0.13,1593.46,161.5
pleasure,0.14,1571.92,172.3
pleasure,0.12,1367.36,25.17
pleasure,0.14,1744.19,255.11
pleasure,0.14,1507.32,158.05
pleasure,0.15,1647.29,201.75
pleasure,0.15,1571.92,285.34
pleasure,0.2,1744.19,170.68
pleasure,0.14,1819.56,154.19
pleasure,0.16,1722.66,100.8
pleasure,0.14,1690.36,409.82
pleasure,0.16,1625.76,10.08
pleasure,0.14,1679.59,12.26
pleasure,0.17,1647.29,96.27
pleasure,0.15,1593.46,634.97
pleasure,0.17,2099.49,319.4
pleasure,0.13,1582.69,265.33
pleasure,0.14,1539.62,306.67
pleasure,0.14,1658.06,470.98
pleasure,0.16,1528.86,107.4
pleasure,0.14,1216.63,245.42
pleasure,0.17,1754.96,252.05
pleasure,0.17,1970.29,136.26
pleasure,0.13,1733.42,165.05
pleasure,0.14,1582.69,94.09
pleasure,0.12,1399.66,64.81
pleasure,0.13,1668.82,300.63
pleasure,0.18,1894.92,396.82
pleasure,0.17,1475.02,372.05
pleasure,0.13,1604.22,296.04
pleasure,0.1,1614.99,276.41
pleasure,0.15,1528.86,222.7
pleasure,0.11,1636.52,73.11
pleasure,0.1,1496.56,159.76
pleasure,0.13,1539.62,152.88
pleasure,0.13,1636.52,384.02
pleasure,0.15,1991.82,159.58
pleasure,0.17,1571.92,157.22
pleasure,0.14,1550.39,494.24
pleasure,0.17,1561.16,423.43
pleasure,0.15,1765.72,-67.23
pleasure,0.12,1464.26,310.88
pleasure,0.14,1539.62,344.8
pleasure,0.14,1571.92,221.76
pleasure,0.18,1291.99,217.73
pleasure,0.13,1518.09,252.94
pleasure,0.18,1948.75,151.3
pleasure,0.14,1550.39,222.2
pleasure,0.13,1711.89,264.4
pleasure,0.14,1625.76,338.96
pleasure,0.16,1528.86,153.57
pleasure,0.19,1636.52,185.7
pleasure,0.15,2034.89,200.33
pleasure,0.17,1593.46,325.41
pleasure,0.15,1431.96,94.17
pleasure,0.14,1507.32,198.33
pleasure,0.13,1270.46,200.29
pleasure,0.14,1819.56,92.07
pleasure,0.14,1216.63,150.38
pleasure,0.11,1528.86,308.1
contact,0.33,1798.02,-107.78
contact,0.39,1733.42,-303.25
contact,0.38,1754.96,-398.87
contact,0.37,1916.46,-45.51
contact,0.38,1862.62,-192.48
contact,0.35,1841.09,-161.38
contact,0.36,2013.35,-203.7
contact,0.33,1916.46,-280.58
contact,0.37,1744.19,-284.24
contact,0.33,2045.65,-240.19
contact,0.4,1658.06,-207.17
contact,0.37,1819.56,-255.37
contact,0.36,1819.56,-301.56
contact,0.4,1841.09,-200.05
contact,0.29,2002.59,-364.24
contact,0.39,1690.36,-78.67
contact,0.27,2077.95,-10.04
contact,0.33,1851.86,-166.41
contact,0.32,2131.79,-358.56
contact,0.29,2228.69,-191.61
contact,0.31,1937.99,16.66
contact,0.3,2196.39,-545.81
contact,0.29,1916.46,-402.88
contact,0.3,1884.16,-130.02
contact,0.32,1970.29,-335.45
contact,0.37,1841.09,87.02
contact,0.39,1970.29,379.3
contact,0.33,1808.79,-156.62
contact,0.33,1722.66,-136.96
contact,0.37,2002.59,-62.86
contact,0.31,1819.56,10.95
contact,0.32,1916.46,-124.54
contact,0.37,1798.02,50
contact,0.34,2164.09,-382.74
contact,0.32,1733.42,-126.52
contact,0.26,2045.65,98.05
contact,0.35,1862.62,-273.7
contact,0.34,1916.46,-142.75
contact,0.33,2045.65,-28.98
contact,0.37,1884.16,
contact,0.31,1625.76,-461.43
contact,0.35,1851.86,84.96
contact,0.33,1916.46,-297.41
contact,0.34,1582.69,-291.18
contact,0.32,2045.65,55.31
contact,0.34,1647.29,-92.76
contact,0.36,1787.26,54.84
contact,0.34,2077.95,-63.58
contact,0.36,1722.66,-175.38
contact,0.28,2164.09,-140.06
contact,0.26,1679.59,-172.79
contact,0.25,1571.92,-256.68
contact,0.27,1798.02,180.41
contact,0.22,1787.26,267
contact,0.25,1959.52,289.02
contact,0.33,1927.22,-172.91
contact,0.29,1798.02,57.97
pleasure,0.19,1571.92,-4.43
pleasure,0.19,2228.69,250.03
pleasure,0.15,1787.26,-72.01
pleasure,0.18,1571.92,73.07
pleasure,0.21,1464.26,208.96
pleasure,0.17,1550.39,154.16
pleasure,0.16,1335.06,288.92
pleasure,0.17,1808.79,85.5
pleasure,0.19,1571.92,215.78
pleasure,0.16,1550.39,141.24
pleasure,0.15,1614.99,491.51
pleasure,0.18,1679.59,266.08
pleasure,0.17,1485.79,-34.47
pleasure,0.19,1625.76,-12.35
pleasure,0.17,1808.79,208.47
pleasure,0.16,1539.62,241.02
contact,0.31,1765.72,-611.06
contact,0.32,1431.96,-607.61
contact,0.37,1873.39,-623.78
contact,0.38,1367.36,-341.15
contact,0.35,1464.26,-952.59
contact,0.36,1937.99,-312.45
contact,0.33,2067.19,-512.06
contact,0.38,1539.62,-119.95
contact,0.33,1970.29,-376.6
contact,0.33,1851.86,-50.45
contact,0.34,2045.65,-352.55
contact,0.33,1808.79,-363.31
contact,0.32,1948.75,-303.73
contact,0.37,1884.16,-90.61
contact,0.31,1970.29,-127.53
contact,0.28,2077.95,-374.44
contact,0.39,1927.22,-99.9
contact,0.3,1830.32,-376.18
contact,0.36,2002.59,-182.19
contact,0.29,2013.35,-125.4
contact,0.3,1690.36,-418.93
contact,0.35,1625.76,-117.92
contact,0.27,1851.86,-377.4
contact,0.29,1410.42,-194.55
contact,0.36,2400.95,-9.62
contact,0.31,2325.59,-46.77
contact,0.26,1916.46,-37.86
contact,0.31,2110.25,-441.52
contact,0.28,1636.52,-265.13
contact,0.36,1173.56,-95.09
contact,0.33,1894.92,-178.21
contact,0.32,1830.32,-403.85
contact,0.31,1808.79,73.12
contact,0.33,1873.39,19.6
contact,0.35,1582.69,-335.5
contact,0.31,1496.56,-261.23
contact,0.37,1959.52,-115.58
contact,0.35,1981.05,-1.67
contact,0.39,1873.39,55.62
contact,0.35,1313.53,-110.38
contact,0.41,1776.49,-87.35
contact,0.35,1905.69,-382.07
contact,0.38,1905.69,-91.9
contact,0.37,1625.76,-129.93
contact,0.35,1679.59,19.59
contact,0.4,1571.92,-257.72
contact,0.3,2034.89,-315.6
contact,0.36,1485.79,-51.49
contact,0.3,904.39,-314.82
pleasure,0.19,1238.16,-157.45
pleasure,0.16,1496.56,230.24
pleasure,0.15,1216.63,275.94
pleasure,0.15,1270.46,157.06
pleasure,0.19,1238.16,420.87
pleasure,0.18,1281.23,176.48
pleasure,0.15,1281.23,125.04
pleasure,0.15,1259.69,247.76
pleasure,0.14,1410.42,-2.36
pleasure,0.15,1173.56,252.81
pleasure,0.17,1485.79,38.76
pleasure,0.18,1335.06,77.83
pleasure,0.15,1184.33,126.41
pleasure,0.15,1776.49,21.57
pleasure,0.11,1195.09,42.51
pleasure,0.12,1227.39,224.44
pleasure,0.17,1216.63,254.25
pleasure,0.18,1658.06,-4.28
pleasure,0.19,1453.49,325.84
pleasure,0.21,1098.19,180.67
pleasure,0.14,1614.99,240.06
pleasure,0.15,1302.76,161.09
pleasure,0.19,1528.86,-198.82
pleasure,0.16,1410.42,-46.35
pleasure,0.21,1388.89,216.46
pleasure,0.16,1485.79,90.97
pleasure,0.17,1399.66,172.56
pleasure,0.17,1291.99,234.65
pleasure,0.13,1033.59,326.02
pleasure,0.14,1238.16,64.17
pleasure,0.17,1841.09,153.73
pleasure,0.14,1711.89,176.37
pleasure,0.16,1108.96,175.5
pleasure,0.18,1410.42,180.17
pleasure,0.14,1981.05,61.26
pleasure,0.15,1916.46,251.78
pleasure,0.18,1205.86,214.55
pleasure,0.19,2293.29,-117.98
pleasure,0.14,1227.39,-166.82
pleasure,0.15,1022.83,171.12
pleasure,0.18,1399.66,-48.49
pleasure,0.15,1528.86,65.81
pleasure,0.13,1216.63,385.57
pleasure,0.18,1399.66,199.66
pleasure,0.16,1248.93,383.05
pleasure,0.2,1571.92,30.41
pleasure,0.16,1270.46,164.32
pleasure,0.14,1259.69,380.78
pleasure,0.16,1291.99,296.45
pleasure,0.18,1216.63,169.18
contact,0.27,1776.49,-227.34
contact,0.18,1668.82,-29.41
contact,0.17,1690.36,-298.03
contact,0.14,1722.66,-37.66
contact,0.24,1819.56,-293.51
contact,0.2,1733.42,-87.67
contact,0.26,1819.56,-39.34
contact,0.23,1981.05,-334.39
contact,0.25,1970.29,31.79
contact,0.23,1808.79,-122.13
pleasure,0.15,1442.72,75.17
pleasure,0.14,1475.02,147.69
pleasure,0.2,1378.13,313.56
pleasure,0.18,1744.19,152.29
pleasure,0.18,1722.66,42.63
pleasure,0.21,1141.26,215.72
pleasure,0.16,1625.76,-182.02
pleasure,0.19,1701.12,-2.02
pleasure,0.17,1378.13,110.54
pleasure,0.14,1431.96,276.77
pleasure,0.14,1248.93,44.6
pleasure,0.15,1528.86,139.56
pleasure,0.17,1152.03,107.7
pleasure,0.14,1711.89,288.73
pleasure,0.18,1356.59,202.17
pleasure,0.18,1485.79,104.71
pleasure,0.14,1561.16,193.74
pleasure,0.16,1507.32,101.85
pleasure,0.19,1345.83,139.7
pleasure,0.15,1302.76,228.19
pleasure,0.23,1528.86,217.01
pleasure,0.18,1485.79,-57.88
pleasure,0.22,1431.96,101.46
pleasure,0.15,1421.19,224.59
pleasure,0.19,1431.96,-67.8
pleasure,0.17,1679.59,17.61
pleasure,0.13,1399.66,305
pleasure,0.18,1561.16,198.56
pleasure,0.16,2024.12,226.47
pleasure,0.2,1625.76,91.99
contact,0.29,1819.56,-233.88
contact,0.28,1841.09,-248.34
contact,0.24,1658.06,-197.44
contact,0.24,1830.32,-131.89
contact,0.27,1884.16,-475.73
contact,0.28,1776.49,-164.74
contact,0.31,1937.99,-87.44
contact,0.3,1937.99,-151.42
contact,0.33,1776.49,166.37
contact,0.33,1959.52,-331.73
contact,0.32,1754.96,-405.2
contact,0.37,1604.22,-64.33
contact,0.32,1948.75,-150.25
contact,0.28,1851.86,-51.67
contact,0.32,1776.49,-137.17
contact,0.33,1485.79,-31.64
contact,0.3,1841.09,-392.36
contact,0.32,1851.86,-457.51
contact,0.33,1744.19,-290.56
contact,0.31,1808.79,-302.91
contact,0.28,2088.72,-9.85
contact,0.31,1894.92,-308.76
contact,0.31,1561.16,-57.86
contact,0.26,1937.99,-275.71
contact,0.32,1722.66,8.57
contact,0.34,1830.32,37.17
contact,0.3,1636.52,-671.09
contact,0.31,1604.22,12.73
contact,0.28,1604.22,-148.55
contact,0.33,1884.16,-287.88
contact,0.33,1959.52,-139.4
contact,0.29,1421.19,-482.62
contact,0.27,2024.12,-29.96
contact,0.31,1798.02,-110.77
contact,0.3,1744.19,-315.92
contact,0.31,1916.46,-138.79
contact,0.28,1475.02,-233.87
contact,0.3,1830.32,-309.91
contact,0.35,1754.96,-236.92
contact,0.34,1270.46,-26.41
contact,0.34,1808.79,-145.31
contact,0.35,1970.29,-207.23
contact,0.29,1808.79,-305.65
contact,0.28,1733.42,21.68
contact,0.3,1464.26,-465.9
contact,0.33,1625.76,-5.59
contact,0.33,1302.76,112.38
contact,0.3,1119.73,36.78
contact,0.3,2056.42,-135.94
contact,0.28,1507.32,137.9
contact,0.33,1873.39,-252.15
contact,0.33,1808.79,-207.32
contact,0.31,2088.72,-50.5
contact,0.32,1884.16,-363.98
contact,0.29,1744.19,-239.31
pleasure,0.2,1130.49,135.66
pleasure,0.17,1464.26,420.12
pleasure,0.19,1561.16,25.24
pleasure,0.13,1324.29,178.46
pleasure,0.15,1291.99,93.13
pleasure,0.15,1571.92,148.96
pleasure,0.19,1701.12,414.05
pleasure,0.15,1841.09,279.93
pleasure,0.2,1571.92,226.72
pleasure,0.16,1884.16,-169.47
pleasure,0.17,1076.66,214.96
pleasure,0.2,1496.56,133.67
pleasure,0.17,1711.89,348.92
pleasure,0.15,1378.13,352.23
pleasure,0.21,1539.62,244.43
pleasure,0.21,1270.46,288.83
pleasure,0.17,1141.26,163.6
pleasure,0.19,1690.36,-21.22
pleasure,0.16,1141.26,269.92
pleasure,0.19,1754.96,47.97
pleasure,0.23,1884.16,-32.26
pleasure,0.15,1625.76,250.49
pleasure,0.14,1614.99,250.08
pleasure,0.19,1345.83,544.73
pleasure,0.2,1335.06,223.39
pleasure,0.15,1313.53,203.2
pleasure,0.14,1302.76,368.11
pleasure,0.14,1378.13,320.65
pleasure,0.18,1130.49,179.86
pleasure,0.17,1119.73,414.24
pleasure,0.17,936.69,475.72
pleasure,0.19,1496.56,256.64
pleasure,0.2,1173.56,195.02
pleasure,0.17,1561.16,434.12
pleasure,0.16,1313.53,468.44
pleasure,0.16,1367.36,287.42
pleasure,0.14,1658.06,472.28
pleasure,0.17,1442.72,303.66
pleasure,0.14,1087.43,151.62
pleasure,0.17,1388.89,395.66
contact,0.27,2002.59,-196.74
contact,0.22,1722.66,-163.48
contact,0.23,2045.65,-149.42
contact,0.21,1582.69,-101.58
contact,0.23,1830.32,8.75
contact,0.19,1593.46,-143
contact,0.22,2110.25,-311.04
contact,0.28,1787.26,-65.93
contact,0.26,1841.09,-89.17
contact,0.24,1884.16,-329.17
contact,0.2,2174.85,-230.14
contact,0.18,1518.09,-203.62
contact,0.27,1873.39,-204.82
contact,0.34,1658.06,-233.67
contact,0.31,1571.92,33.21
contact,0.25,1647.29,-342.55
contact,0.27,1518.09,-334.76
contact,0.28,1851.86,-162.88
contact,0.24,2056.42,10.7
contact,0.28,1733.42,123.79
contact,0.23,2034.89,-94.61
contact,0.29,1561.16,-308.31
contact,0.25,2002.59,-80.06
contact,0.24,1722.66,-86.54
contact,0.28,2228.69,-289.44
contact,0.31,1604.22,-200.41
contact,0.27,1571.92,-93.84
contact,0.25,1884.16,-232.06
pleasure,0.15,1259.69,246.43
pleasure,0.12,1248.93,129.24
pleasure,0.14,1248.93,235.29
pleasure,0.12,1227.39,127.64
pleasure,0.14,1475.02,-29.71
pleasure,0.13,1948.75,122.04
pleasure,0.1,1259.69,317.58
pleasure,0.18,1518.09,330.62
pleasure,0.14,1130.49,255.55
pleasure,0.17,1356.59,-3.67
contact,0.28,1765.72,-303.61
contact,0.24,1722.66,-544.17
contact,0.29,646,-504.11
contact,0.28,2034.89,-104.91
contact,0.28,2099.49,73.38
contact,0.26,1862.62,-246.64
contact,0.29,1916.46,-177.21
contact,0.29,1754.96,-134.12
contact,0.24,2336.35,-245.18
contact,0.28,1916.46,-272.55
contact,0.27,2131.79,-93.36
contact,0.28,1873.39,-144.48
contact,0.29,2002.59,-132.53
contact,0.28,1302.76,-295.76
contact,0.28,1927.22,-400.72
contact,0.36,1937.99,-678.45
contact,0.31,2099.49,-513.02
contact,0.34,2099.49,-557.88
contact,0.3,2013.35,-445.17
contact,0.33,2121.02,-695.49
contact,0.36,2077.95,-312.15
contact,0.35,2024.12,-499.38
contact,0.35,1981.05,-640.67
contact,0.34,2013.35,-474.92
contact,0.36,1927.22,-362.84
contact,0.37,2304.05,-378.46
contact,0.35,1991.82,-442.79
contact,0.34,2153.32,-278.2
contact,0.29,2239.45,-471.65
contact,0.33,1981.05,-364.64
contact,0.37,2045.65,-572.54
contact,0.33,1819.56,-659.07
contact,0.36,2056.42,-470.63
contact,0.36,2153.32,-278.03
contact,0.32,1948.75,-669.56
contact,0.27,1647.29,-540
contact,0.32,2088.72,-396.08
contact,0.38,1841.09,-714.89
contact,0.33,2282.52,-494.21
contact,0.33,2271.75,-182.08
contact,0.34,1884.16,-719.25
contact,0.37,1754.96,-636.09
contact,0.33,1916.46,-762.42
contact,0.32,2207.15,-481.28
contact,0.29,2142.55,-473.13
contact,0.34,2067.19,-651.36
contact,0.33,1981.05,-693.35
contact,0.35,1981.05,-458.38
contact,0.34,2110.25,-599.35
contact,0.31,2142.55,-581.2
pleasure,0.17,1227.39,-44.66
pleasure,0.16,882.86,59.21
pleasure,0.18,1227.39,276.34
pleasure,0.2,947.46,-47.8
pleasure,0.16,904.39,17.83
pleasure,0.15,850.56,142.13
pleasure,0.16,1399.66,-40.58
pleasure,0.14,1098.19,195.73
pleasure,0.17,1033.59,233.81
pleasure,0.2,1087.43,233.66
pleasure,0.16,1001.29,248.83
pleasure,0.18,1108.96,195.39
pleasure,0.16,1098.19,43.8
pleasure,0.2,925.93,323.45
